{
  "experiment": "taylor_green_topology",
  "timestamp": "2026-03-26T23:33:02",
  "device": "cuda",
  "grid_n": 64,
  "dt": 0.01,
  "n_steps": 400,
  "save_every": 20,
  "vortex_threshold_frac": 0.5,
  "re_values": [
    100,
    500,
    1000,
    2000
  ],
  "simulations": [
    {
      "re": 100.0,
      "nu": 0.01,
      "n": 64,
      "dt": 0.01,
      "n_steps": 400,
      "save_every": 20,
      "times": [
        0.0,
        0.2,
        0.4,
        0.6,
        0.8,
        1.0,
        1.2,
        1.4000000000000001,
        1.6,
        1.8,
        2.0,
        2.2,
        2.4,
        2.6,
        2.8000000000000003,
        3.0,
        3.2,
        3.4,
        3.6,
        3.8000000000000003,
        4.0
      ],
      "n_components": [
        1053,
        919,
        910,
        48,
        12,
        12,
        12,
        352,
        457,
        424,
        369,
        153,
        248,
        355,
        468,
        516,
        1054,
        613,
        673,
        752,
        835
      ],
      "epsilon_star": [
        3.605551242828369,
        4.4721360206604,
        5.0,
        8.246211051940918,
        18.0,
        16.0,
        10.0,
        5.0,
        4.582575798034668,
        5.0,
        4.582575798034668,
        5.127634048461888,
        4.099999999999909,
        3.6449961185454964,
        3.1622776985168457,
        3.1622776985168457,
        2.4494898319244385,
        2.8284270763397217,
        3.0,
        3.1622776985168457,
        3.0162277698516697
      ],
      "gini": [
        0.21040452852470026,
        0.21071004003877736,
        0.19845705566264304,
        0.38912844029678495,
        0.6053317878875688,
        0.5703703703703704,
        0.45392877331825887,
        0.35742348843673777,
        0.30307055706764174,
        0.30982838247571887,
        0.31143741007451187,
        0.3280938758101004,
        0.3013813824300018,
        0.2932509339796159,
        0.29677603373915673,
        0.2857402072293267,
        0.2601550193398592,
        0.2606539497049216,
        0.274862521290425,
        0.2731799537927786,
        0.247177894950944
      ],
      "n_points": [
        1500,
        1500,
        1500,
        904,
        120,
        136,
        184,
        1500,
        1500,
        1500,
        1500,
        1500,
        1500,
        1500,
        1500,
        1500,
        1500,
        1500,
        1500,
        1500,
        1500
      ],
      "enstrophy": [
        0.3750000000000002,
        0.35465921108192977,
        0.3141545201159507,
        0.3355575705577928,
        0.43767962706619273,
        0.45997243107605407,
        0.4025960560977759,
        0.3951892290554667,
        0.3592659544450184,
        0.26948843155026936,
        0.19033623982727466,
        0.1370509455490277,
        0.10342949545451799,
        0.08127899817396052,
        0.06585547417318896,
        0.054505927480123464,
        0.045802063440230474,
        0.03894953456729151,
        0.03345991688965951,
        0.029004219935648633,
        0.025347075466311854
      ],
      "total_time_s": 13.3
    },
    {
      "re": 500.0,
      "nu": 0.002,
      "n": 64,
      "dt": 0.01,
      "n_steps": 400,
      "save_every": 20,
      "times": [
        0.0,
        0.2,
        0.4,
        0.6,
        0.8,
        1.0,
        1.2,
        1.4000000000000001,
        1.6,
        1.8,
        2.0,
        2.2,
        2.4,
        2.6,
        2.8000000000000003,
        3.0,
        3.2,
        3.4,
        3.6,
        3.8000000000000003,
        4.0
      ],
      "n_components": [
        1053,
        1112,
        1055,
        48,
        12,
        0,
        0,
        0,
        0,
        0,
        0,
        0,
        0,
        0,
        0,
        0,
        0,
        0,
        0,
        0,
        0
      ],
      "epsilon_star": [
        3.605551242828369,
        4.358899116516113,
        4.123105525970459,
        17.0,
        20.0,
        0.0,
        0.0,
        0.0,
        0.0,
        0.0,
        0.0,
        0.0,
        0.0,
        0.0,
        0.0,
        0.0,
        0.0,
        0.0,
        0.0,
        0.0,
        0.0
      ],
      "gini": [
        0.21040452852470026,
        0.2121350991048332,
        0.22024834238644164,
        0.612424189083228,
        0.6368708849458766,
        0.0,
        0.0,
        0.0,
        0.0,
        0.0,
        0.0,
        0.0,
        0.0,
        0.0,
        0.0,
        0.0,
        0.0,
        0.0,
        0.0,
        0.0,
        0.0
      ],
      "n_points": [
        1500,
        1500,
        1500,
        248,
        104,
        0,
        0,
        0,
        0,
        0,
        0,
        0,
        0,
        0,
        0,
        0,
        0,
        0,
        0,
        0,
        0
      ],
      "enstrophy": [
        0.3750000000000002,
        0.35797107054939414,
        0.32371342150379867,
        1.2585167702220335,
        17.063948927407328,
        NaN,
        NaN,
        NaN,
        NaN,
        NaN,
        NaN,
        NaN,
        NaN,
        NaN,
        NaN,
        NaN,
        NaN,
        NaN,
        NaN,
        NaN,
        NaN
      ],
      "total_time_s": 6.2
    },
    {
      "re": 1000.0,
      "nu": 0.001,
      "n": 64,
      "dt": 0.01,
      "n_steps": 400,
      "save_every": 20,
      "times": [
        0.0,
        0.2,
        0.4,
        0.6,
        0.8,
        1.0,
        1.2,
        1.4000000000000001,
        1.6,
        1.8,
        2.0,
        2.2,
        2.4,
        2.6,
        2.8000000000000003,
        3.0,
        3.2,
        3.4,
        3.6,
        3.8000000000000003,
        4.0
      ],
      "n_components": [
        1053,
        1120,
        1121,
        48,
        0,
        0,
        0,
        0,
        0,
        0,
        0,
        0,
        0,
        0,
        0,
        0,
        0,
        0,
        0,
        0,
        0
      ],
      "epsilon_star": [
        3.605551242828369,
        4.358899116516113,
        3.7416574954986572,
        17.0,
        0.0,
        0.0,
        0.0,
        0.0,
        0.0,
        0.0,
        0.0,
        0.0,
        0.0,
        0.0,
        0.0,
        0.0,
        0.0,
        0.0,
        0.0,
        0.0,
        0.0
      ],
      "gini": [
        0.21040452852470026,
        0.2097114102020292,
        0.20025849474803303,
        0.6001936778031403,
        0.0,
        0.0,
        0.0,
        0.0,
        0.0,
        0.0,
        0.0,
        0.0,
        0.0,
        0.0,
        0.0,
        0.0,
        0.0,
        0.0,
        0.0,
        0.0,
        0.0
      ],
      "n_points": [
        1500,
        1500,
        1500,
        184,
        0,
        0,
        0,
        0,
        0,
        0,
        0,
        0,
        0,
        0,
        0,
        0,
        0,
        0,
        0,
        0,
        0
      ],
      "enstrophy": [
        0.3750000000000002,
        0.3583871709763481,
        0.3254636216476382,
        1.7585530342256122,
        Infinity,
        NaN,
        NaN,
        NaN,
        NaN,
        NaN,
        NaN,
        NaN,
        NaN,
        NaN,
        NaN,
        NaN,
        NaN,
        NaN,
        NaN,
        NaN,
        NaN
      ],
      "total_time_s": 6.1
    },
    {
      "re": 2000.0,
      "nu": 0.0005,
      "n": 64,
      "dt": 0.01,
      "n_steps": 400,
      "save_every": 20,
      "times": [
        0.0,
        0.2,
        0.4,
        0.6,
        0.8,
        1.0,
        1.2,
        1.4000000000000001,
        1.6,
        1.8,
        2.0,
        2.2,
        2.4,
        2.6,
        2.8000000000000003,
        3.0,
        3.2,
        3.4,
        3.6,
        3.8000000000000003,
        4.0
      ],