{
  "timestamp": "2026-03-27T18:38:26",
  "analyses": [
    {
      "model": "Qwen/Qwen2.5-0.5B",
      "n": 100,
      "n_choices": 4,
      "random_baseline": 0.25,
      "logit_accuracy": 0.34,
      "eff_rank_accuracy": 0.22,
      "eff_rank_correct_mean": 7.047464285110554,
      "eff_rank_wrong_mean": 6.858386238709072,
      "eff_rank_cohens_d": 0.053687335904741555,
      "eff_rank_p": 0.5707473944474495,
      "spectral_gap_accuracy": 0.23,
      "spectral_gap_correct_mean": 1.2442773569375276,
      "spectral_gap_wrong_mean": 1.244126917521159,
      "spectral_gap_cohens_d": 0.0016317561448037543,
      "spectral_gap_p": 0.5372004887475744,
      "norm_var_accuracy": 0.17,
      "norm_var_correct_mean": 6.899581592143513,
      "norm_var_wrong_mean": 7.265130945043638,
      "norm_var_cohens_d": -0.1136121273028378,
      "norm_var_p": 0.922880952847559,
      "gini_h0_accuracy": 0.29,
      "gini_h0_correct_mean": 0.07238992520051968,
      "gini_h0_wrong_mean": 0.07156477611455299,
      "gini_h0_cohens_d": 0.029602997364789944,
      "gini_h0_p": 0.3748248215489546,
      "delib_eff_rank_d": 0.25874620752893107,
      "delib_spectral_gap_d": -0.3497581275058322,
      "delib_norm_var_d": -0.2680972646439275,
      "delib_gini_h0_d": -0.30608261436599954,
      "ensemble_accuracy": 0.25,
      "dataset": "ARC-Challenge",
      "time_s": 57.6
    },
    {
      "model": "Qwen/Qwen2.5-0.5B",
      "n": 102,
      "n_choices": 4,
      "random_baseline": 0.25,
      "logit_accuracy": 0.3137254901960784,
      "eff_rank_accuracy": 0.21568627450980393,
      "eff_rank_correct_mean": 7.110070478964098,
      "eff_rank_wrong_mean": 6.795458748487052,
      "eff_rank_cohens_d": 0.0936002964914093,
      "eff_rank_p": 0.7236930219050033,
      "spectral_gap_accuracy": 0.20588235294117646,
      "spectral_gap_correct_mean": 1.1913063914022024,
      "spectral_gap_wrong_mean": 1.2028785029706222,
      "spectral_gap_cohens_d": -0.14666817977550597,
      "spectral_gap_p": 0.8359105252462822,
      "norm_var_accuracy": 0.35294117647058826,
      "norm_var_correct_mean": 5.835447390022797,
      "norm_var_wrong_mean": 5.364575604791373,
      "norm_var_cohens_d": 0.20160760645895012,
      "norm_var_p": 0.013650935522624506,
      "gini_h0_accuracy": 0.23529411764705882,
      "gini_h0_correct_mean": 0.06823465925729862,
      "gini_h0_wrong_mean": 0.0687556894915042,
      "gini_h0_cohens_d": -0.024860437700224836,
      "gini_h0_p": 0.4820201969230523,
      "delib_eff_rank_d": 0.08563312637000606,
      "delib_spectral_gap_d": -0.08025611633359869,
      "delib_norm_var_d": -0.04982106351837178,
      "delib_gini_h0_d": 0.018008540200640667,
      "ensemble_accuracy": 0.28431372549019607,
      "dataset": "MMLU-Physics",
      "time_s": 68.1
    },
    {
      "model": "Qwen/Qwen2.5-0.5B",
      "n": 198,
      "n_choices": 4,
      "random_baseline": 0.25,
      "logit_accuracy": 0.2727272727272727,
      "eff_rank_accuracy": 0.20202020202020202,
      "eff_rank_correct_mean": 16.441075626922867,
      "eff_rank_wrong_mean": 16.3727933793546,
      "eff_rank_cohens_d": 0.004158580356184765,
      "eff_rank_p": 0.6418991573206474,
      "spectral_gap_accuracy": 0.25252525252525254,
      "spectral_gap_correct_mean": 1.2165373794809737,
      "spectral_gap_wrong_mean": 1.2086507128143953,
      "spectral_gap_cohens_d": 0.07568554016636886,
      "spectral_gap_p": 0.35810084267935266,
      "norm_var_accuracy": 0.21717171717171718,
      "norm_var_correct_mean": 4.409150829984374,
      "norm_var_wrong_mean": 4.519935498141054,
      "norm_var_cohens_d": -0.05886377411136326,
      "norm_var_p": 0.6961905617126196,
      "gini_h0_accuracy": 0.2676767676767677,
      "gini_h0_correct_mean": 0.10090459228465076,
      "gini_h0_wrong_mean": 0.10002400723651565,
      "gini_h0_cohens_d": 0.014587995302333828,
      "gini_h0_p": 0.46491441112882903,
      "delib_eff_rank_d": -0.109068886781592,
      "delib_spectral_gap_d": 0.10128035412389681,
      "delib_norm_var_d": 0.08028363697170389,
      "delib_gini_h0_d": 0.06838140619286008,
      "ensemble_accuracy": 0.2727272727272727,
      "dataset": "GPQA-Diamond",
      "time_s": 398.5
    },
    {
      "model": "Qwen/Qwen2.5-1.5B",
      "n": 100,
      "n_choices": 4,
      "random_baseline": 0.25,
      "logit_accuracy": 0.69,
      "eff_rank_accuracy": 0.23,
      "eff_rank_correct_mean": 7.050948303611675,
      "eff_rank_wrong_mean": 6.858570788159556,
      "eff_rank_cohens_d": 0.054416001951163126,
      "eff_rank_p": 0.5894838327905337,
      "spectral_gap_accuracy": 0.26,
      "spectral_gap_correct_mean": 1.2419162598409152,
      "spectral_gap_wrong_mean": 1.2402268852685625,
      "spectral_gap_cohens_d": 0.016864251405369915,
      "spectral_gap_p": 0.49103575242692327,
      "norm_var_accuracy": 0.23,
      "norm_var_correct_mean": 146.85932374813055,
      "norm_var_wrong_mean": 149.8123934724731,
      "norm_var_cohens_d": -0.04773930788327648,
      "norm_var_p": 0.5316430881788643,
      "gini_h0_accuracy": 0.28,
      "gini_h0_correct_mean": 0.06682500703967566,
      "gini_h0_wrong_mean": 0.06682674234019056,
      "gini_h0_cohens_d": -6.481471097346079e-05,
      "gini_h0_p": 0.4062493905877512,
      "delib_eff_rank_d": 0.009145577255154002,
      "delib_spectral_gap_d": -0.1054950878379195,
      "delib_norm_var_d": 0.0251104489051513,
      "delib_gini_h0_d": 0.039571271644341356,
      "ensemble_accuracy": 0.45,
      "dataset": "ARC-Challenge",
      "time_s": 81.1
    },
    {
      "model": "Qwen/Qwen2.5-1.5B",
      "n": 102,
      "n_choices": 4,
      "random_baseline": 0.25,
      "logit_accuracy": 0.49019607843137253,
      "eff_rank_accuracy": 0.19607843137254902,
      "eff_rank_correct_mean": 7.107479000004183,
      "eff_rank_wrong_mean": 6.797653186800248,
      "eff_rank_cohens_d": 0.09187172849254305,
      "eff_rank_p": 0.6961555936041407,
      "spectral_gap_accuracy": 0.24509803921568626,
      "spectral_gap_correct_mean": 1.224338082952273,
      "spectral_gap_wrong_mean": 1.223339743289416,
      "spectral_gap_cohens_d": 0.011300095039539392,
      "spectral_gap_p": 0.4704374108573358,
      "norm_var_accuracy": 0.2549019607843137,
      "norm_var_correct_mean": 98.36617803788899,
      "norm_var_wrong_mean": 98.35385292418502,
      "norm_var_cohens_d": 0.0003116021855033959,
      "norm_var_p": 0.30588166645220277,
      "gini_h0_accuracy": 0.3431372549019608,
      "gini_h0_correct_mean": 0.0644696227008617,
      "gini_h0_wrong_mean": 0.06421140542310146,
      "gini_h0_cohens_d": 0.014274017205304391,
      "gini_h0_p": 0.28217381202122105,
      "delib_eff_rank_d": -0.3218124921583706,
      "delib_spectral_gap_d": 0.4689002968606005,
      "delib_norm_var_d": 0.3713281175411345,
      "delib_gini_h0_d": 0.029290596365106863,
      "ensemble_accuracy": 0.37254901960784315,
      "dataset": "MMLU-Physics",
      "time_s": 103.2
    },
    {
      "model": "Qwen/Qwen2.5-1.5B",
      "n": 198,
      "n_choices": 4,
      "random_baseline": 0.25,
      "logit_accuracy": 0.22727272727272727,
      "eff_rank_accuracy": 0.21717171717171718,
      "eff_rank_correct_mean": 16.581468438594513,
      "eff_rank_wrong_mean": 16.561511230142507,
      "eff_rank_cohens_d": 0.0011668557951404921,
      "eff_rank_p": 0.639082397592199,
      "spectral_gap_accuracy": 0.2878787878787879,
      "spectral_gap_correct_mean": 1.228605802042696,
      "spectral_gap_wrong_mean": 1.217573745208874,
      "spectral_gap_cohens_d": 0.10749271688536291,
      "spectral_gap_p": 0.16280121120567348,
      "norm_var_accuracy": 0.17676767676767677,
      "norm_var_correct_mean": 83.48607491658072,
      "norm_var_wrong_mean": 88.2663596093606,
      "norm_var_cohens_d": -0.13531617277910285,
      "norm_var_p": 0.8302191910595698,
      "gini_h0_accuracy": 0.26262626262626265,
      "gini_h0_correct_mean": 0.0966323260817487,
      "gini_h0_wrong_mean": 0.09513232731240233,