{
  "timestamp": "2026-03-27T18:16:03",
  "analyses": [
    {
      "model": "Qwen/Qwen2.5-0.5B",
      "n_questions": 100,
      "n_choices": 4,
      "correct_gini_mean": 0.15001888869347738,
      "correct_gini_std": 0.04607566806863341,
      "wrong_gini_mean": 0.15005707692131798,
      "wrong_gini_std": 0.04688890928407136,
      "gini_difference": -3.818822784060205e-05,
      "mann_whitney_U": 15036.0,
      "mann_whitney_p": 0.4858581820108692,
      "ttest_t": -0.007066044816438872,
      "ttest_p": 0.5028171503950363,
      "cohens_d": -0.0008215337031239889,
      "correct_slope_mean": -0.011074245294684338,
      "wrong_slope_mean": -0.011095827223954047,
      "slope_mann_whitney_p": 0.4402591434174291,
      "correct_peak_mean": 0.8408573362641618,
      "wrong_peak_mean": 0.8412145502050312,
      "topo_accuracy": 0.25,
      "logprob_accuracy": 0.33,
      "random_baseline": 0.25,
      "topo_above_random": false,
      "dataset": "ARC-Challenge",
      "total_time_s": 105.9,
      "verdict": "NO SEPARATION \u2014 topology does not distinguish answers"
    },
    {
      "model": "Qwen/Qwen2.5-0.5B",
      "n_questions": 102,
      "n_choices": 4,
      "correct_gini_mean": 0.18308820543316962,
      "correct_gini_std": 0.04254681450713757,
      "wrong_gini_mean": 0.1816926770620568,
      "wrong_gini_std": 0.04278742929232208,
      "gini_difference": 0.0013955283711128141,
      "mann_whitney_U": 15948.0,
      "mann_whitney_p": 0.3702842316061201,
      "ttest_t": 0.28496782640889207,
      "ttest_p": 0.3879070483521993,
      "cohens_d": 0.03270721720594881,
      "correct_slope_mean": -0.012797469157942073,
      "wrong_slope_mean": -0.012853875062526847,
      "slope_mann_whitney_p": 0.44965777845929605,
      "correct_peak_mean": 0.8382197500459404,
      "wrong_peak_mean": 0.8390349203576102,
      "topo_accuracy": 0.3235294117647059,
      "logprob_accuracy": 0.23529411764705882,
      "random_baseline": 0.25,
      "topo_above_random": true,
      "dataset": "MMLU-Physics",
      "total_time_s": 220.4,
      "verdict": "NO SEPARATION \u2014 topology does not distinguish answers"
    }
  ]
}