{
  "timestamp": "2026-03-27T18:26:00",
  "analyses": [
    {
      "model": "Qwen/Qwen2.5-0.5B",
      "n_questions": 100,
      "n_choices": 4,
      "correct_gini_mean": 0.08229797707443798,
      "correct_gini_std": 0.04307100051442166,
      "wrong_gini_mean": 0.08001757773511421,
      "wrong_gini_std": 0.04335233364469415,
      "choice_gini_diff": 0.002280399339323766,
      "choice_cohens_d": 0.05277248972169435,
      "choice_mann_whitney_p": 0.37331112523904575,
      "choice_ttest_p": 0.32462871480159367,
      "right_delib_gini_mean": 0.2632903311328664,
      "wrong_delib_gini_mean": 0.2687135313228337,
      "delib_cohens_d": -0.1305308813550239,
      "delib_mann_whitney_p": 0.6779785113396619,
      "topo_accuracy": 0.32,
      "logit_accuracy": 0.34,
      "random_baseline": 0.25,
      "topo_vs_random": 0.07,
      "logit_vs_random": 0.09000000000000002,
      "dataset": "ARC-Challenge",
      "total_time_s": 65.6,
      "verdict": "NO SEPARATION"
    },
    {
      "model": "Qwen/Qwen2.5-0.5B",
      "n_questions": 102,
      "n_choices": 4,
      "correct_gini_mean": 0.07332298560334713,
      "correct_gini_std": 0.03383740350189254,
      "wrong_gini_mean": 0.07390247724141549,
      "wrong_gini_std": 0.03554732017363577,
      "choice_gini_diff": -0.0005794916380683635,
      "choice_cohens_d": -0.016698654032329112,
      "choice_mann_whitney_p": 0.568699516982055,
      "choice_ttest_p": 0.5571877892615642,
      "right_delib_gini_mean": 0.2864617453328788,
      "wrong_delib_gini_mean": 0.2793878103537678,
      "delib_cohens_d": 0.18123017414647788,
      "delib_mann_whitney_p": 0.20039554990273245,
      "topo_accuracy": 0.24509803921568626,
      "logit_accuracy": 0.3137254901960784,
      "random_baseline": 0.25,
      "topo_vs_random": -0.004901960784313736,
      "logit_vs_random": 0.06372549019607843,
      "dataset": "MMLU-Physics",
      "total_time_s": 81.7,
      "verdict": "NO SEPARATION"
    },
    {
      "model": "Qwen/Qwen2.5-0.5B",
      "n_questions": 198,
      "n_choices": 4,
      "correct_gini_mean": 0.13635233882137837,
      "correct_gini_std": 0.08560234336642829,
      "wrong_gini_mean": 0.1329109834836828,
      "wrong_gini_std": 0.08529595237103034,
      "choice_gini_diff": 0.003441355337695573,
      "choice_cohens_d": 0.040273658578166345,
      "choice_mann_whitney_p": 0.3111225843998382,
      "choice_ttest_p": 0.31192385902024033,
      "right_delib_gini_mean": 0.28828921801414364,
      "wrong_delib_gini_mean": 0.29208180016910684,
      "delib_cohens_d": -0.08009701737297814,
      "delib_mann_whitney_p": 0.6282446897110222,
      "topo_accuracy": 0.2828282828282828,
      "logit_accuracy": 0.2727272727272727,
      "random_baseline": 0.25,
      "topo_vs_random": 0.03282828282828282,
      "logit_vs_random": 0.022727272727272707,
      "dataset": "GPQA-Diamond",
      "total_time_s": 366.9,
      "verdict": "NO SEPARATION"
    }
  ]
}