{
  "sweep_time_s": 369.6,
  "n_models": 6,
  "n_errors": 0,
  "device": "cuda",
  "summaries": [
    {
      "model": "HuggingFaceTB/SmolLM2-360M-Instruct",
      "family": "SmolLM2",
      "size_B": 0.36,
      "prime_ratio_mean": 0.03604447841644287,
      "prime_ratio_std": 0.034920427948236465,
      "prime_ratio_median": 0.029502924531698227,
      "hidden_dim": 960,
      "target_layer": 10,
      "adaptive_basis_size": 89,
      "converged": true,
      "convergence_gini": 0.9370970029308696,
      "n_iterations": 7,
      "outcome_cell": "noise",
      "gini_prime": 0.1737257299960271,
      "gini_residual": 0.8185827380372819,
      "isomorphic": false,
      "coherence": 76.02156487372227,
      "high_coherence": false,
      "elapsed_s": 30.6
    },
    {
      "model": "Qwen/Qwen2.5-0.5B",
      "family": "Qwen2.5",
      "size_B": 0.5,
      "prime_ratio_mean": 0.08073502779006958,
      "prime_ratio_std": 0.0879114493727684,
      "prime_ratio_median": 0.05339345335960388,
      "hidden_dim": 896,
      "target_layer": 8,
      "adaptive_basis_size": 179,
      "converged": false,
      "convergence_gini": 0.8919578660583178,
      "n_iterations": 25,
      "outcome_cell": "noise",
      "gini_prime": 0.19741667080769298,
      "gini_residual": 0.5638443587283566,
      "isomorphic": false,
      "coherence": 77.5776867451784,
      "high_coherence": false,
      "elapsed_s": 53.7
    },
    {
      "model": "TinyLlama/TinyLlama-1.1B-Chat-v1.0",
      "family": "TinyLlama",
      "size_B": 1.1,
      "prime_ratio_mean": 0.200123593211174,
      "prime_ratio_std": 0.01198124885559082,
      "prime_ratio_median": 0.19943228363990784,
      "hidden_dim": 2048,
      "target_layer": 7,
      "adaptive_basis_size": 183,
      "converged": false,
      "convergence_gini": 0.8477966393139893,
      "n_iterations": 25,
      "outcome_cell": "noise",
      "gini_prime": 0.3896310638825453,
      "gini_residual": 0.5188773755359861,
      "isomorphic": false,
      "coherence": 33.41045621844365,
      "high_coherence": false,
      "elapsed_s": 16.4
    },
    {
      "model": "Qwen/Qwen2.5-1.5B-Instruct",
      "family": "Qwen2.5",
      "size_B": 1.5,
      "prime_ratio_mean": 0.07245314866304398,
      "prime_ratio_std": 0.08749482035636902,
      "prime_ratio_median": 0.04437147080898285,
      "hidden_dim": 1536,
      "target_layer": 9,
      "adaptive_basis_size": 129,
      "converged": true,
      "convergence_gini": 0.9564054707737724,
      "n_iterations": 15,
      "outcome_cell": "noise",
      "gini_prime": 0.29421329593428625,
      "gini_residual": 0.8103647944700987,
      "isomorphic": false,
      "coherence": 44.84312263161968,
      "high_coherence": false,
      "elapsed_s": 62.8
    },
    {
      "model": "Qwen/Qwen2.5-3B-Instruct",
      "family": "Qwen2.5",
      "size_B": 3.0,
      "prime_ratio_mean": 0.05927690491080284,
      "prime_ratio_std": 0.025149395689368248,
      "prime_ratio_median": 0.051821041852235794,
      "hidden_dim": 2048,
      "target_layer": 12,
      "adaptive_basis_size": 183,
      "converged": false,
      "convergence_gini": 0.8413698769105855,
      "n_iterations": 25,
      "outcome_cell": "noise",
      "gini_prime": 0.18212661377675876,
      "gini_residual": 0.541089541342779,
      "isomorphic": false,
      "coherence": 68.44948280617247,
      "high_coherence": false,
      "elapsed_s": 85.1
    },
    {
      "model": "Qwen/Qwen2.5-7B-Instruct-AWQ",
      "family": "Qwen2.5",
      "size_B": 7.0,
      "prime_ratio_mean": 0.0827530175447464,
      "prime_ratio_std": 0.0483526811003685,
      "prime_ratio_median": 0.07000499963760376,
      "hidden_dim": 3584,
      "target_layer": 9,
      "adaptive_basis_size": 120,
      "converged": true,
      "convergence_gini": 0.9643559291535848,
      "n_iterations": 13,
      "outcome_cell": "noise",
      "gini_prime": 0.480659821710564,
      "gini_residual": 0.8478909362423197,
      "isomorphic": false,
      "coherence": 41.79859427002531,
      "high_coherence": false,
      "elapsed_s": 120.9
    }
  ],
  "errors": []
}