{
  "delta": -0.2,
  "R_mpc": 300.0,
  "alpha_star": -0.18508468360074726,
  "delta_H0": -3.420338543078816,
  "kinematic_term": 4.493333333333334,
  "topological_term": -7.91367187641215,
  "literature_band": [
    1.0,
    3.0
  ],
  "verdict": "ABOVE band \u2014 topology implies a larger tension contribution than perturbative theory captures"
}