{
  "weight_set": "013",
  "config": {
    "max_steps": 50000,
    "size": "deep",
    "lr": 0.0003,
    "batch_size": 4,
    "effective_batch": 32,
    "n_samples": 200000,
    "max_length": 256,
    "init_mode": null,
    "mutate": false,
    "promote_frac": 0.005,
    "demote_frac": 0.002,
    "mutate_cycle": 500,
    "mutate_warmup": 2000,
    "ternary_decay": 0.0,
    "bitflip": true,
    "flip_pct": 0.001,
    "flip_cycle": 100,
    "flip_warmup": 500
  },
  "params": {
    "ternary": 151117824,
    "continuous": 26093056,
    "total": 177210880,
    "ternary_pct": 85.27570316224377
  },
  "experiment": {
    "init_mode": "mixed",
    "init_weight_dist": {
      "zero": 0.14999898274739584,
      "one": 0.7000020345052084,
      "three": 0.14999898274739584
    },
    "weight_decay_ternary": 0.0,
    "weight_decay_continuous": 0.01,
    "grad_clip_ternary": false,
    "grad_clip_continuous": 1.0,
    "mutator_enabled": false,
    "mutator_config": null,
    "hypothesis": "init_mode=mixed: track weight ratio evolution and compression dynamics."
  },
  "checkpoints": [
    {
      "step": 1000,
      "train_ppl": {
        "loss": 10.951584072113038,
        "ppl": 57044.336175907534
      },
      "test_ppl": {
        "loss": 10.954039325714112,
        "ppl": 57184.56656786616
      },
      "gen_gap": 1.0024582702045335,
      "eff_rank": 181.4407635017583,
      "spectral_gap": 7.5911075075467425,
      "gini_sv": 0.9411026915070585,
      "weight_dist": {
        "zero": 0.14999898274739584,
        "one": 0.7000020345052084,
        "three": 0.14999898274739584
      },
      "elapsed": 105.14806699752808
    },
    {
      "step": 2000,
      "train_ppl": {
        "loss": 10.95780219078064,
        "ppl": 57400.14972654447
      },
      "test_ppl": {
        "loss": 10.953308572769165,
        "ppl": 57142.79404199824
      },
      "gen_gap": 0.9955164631839415,
      "eff_rank": 178.4120867312166,
      "spectral_gap": 8.054571767648062,
      "gini_sv": 0.9416548006952118,
      "weight_dist": {
        "zero": 0.14999898274739584,
        "one": 0.7000020345052084,
        "three": 0.14999898274739584
      },
      "elapsed": 207.4652328491211
    },
    {
      "step": 3000,
      "train_ppl": {
        "loss": 10.955359706878662,
        "ppl": 57260.121862382264
      },
      "test_ppl": {
        "loss": 10.954118003845215,
        "ppl": 57189.06591968966
      },
      "gen_gap": 0.998759067560782,
      "eff_rank": 178.4597298601011,
      "spectral_gap": 7.895625938971837,
      "gini_sv": 0.9411966140614904,
      "weight_dist": {
        "zero": 0.14999898274739584,
        "one": 0.7000020345052084,
        "three": 0.14999898274739584
      },
      "elapsed": 310.1977696418762
    }
  ],
  "steps": [
    {
      "step": 0,
      "loss": 10.9348726272583,
      "ppl": 56098.96484375,
      "elapsed": 0.2839019298553467
    },
    {
      "step": 200,
      "loss": 10.96263599395752,
      "ppl": 57678.28515625,
      "elapsed": 19.779996633529663
    },
    {
      "step": 400,
      "loss": 10.969745635986328,
      "ppl": 58089.81640625,
      "elapsed": 40.00750780105591
    },
    {
      "step": 600,
      "loss": 10.951926231384277,
      "ppl": 57063.859375,
      "elapsed": 59.18349814414978
    },
    {
      "step": 800,
      "loss": 10.947853088378906,
      "ppl": 56831.90234375,
      "elapsed": 78.71002793312073
    },
    {
      "step": 1000,
      "loss": 10.96084213256836,
      "ppl": 57574.91015625,
      "elapsed": 97.79025077819824
    },
    {
      "step": 1200,
      "loss": 10.976676940917969,
      "ppl": 58493.85546875,
      "elapsed": 124.12529182434082
    },
    {
      "step": 1400,
      "loss": 10.960004806518555,
      "ppl": 57526.72265625,
      "elapsed": 143.12117457389832
    },
    {
      "step": 1600,
      "loss": 10.94658374786377,
      "ppl": 56759.80859375,
      "elapsed": 162.11634945869446
    },
    {
      "step": 1800,
      "loss": 10.963441848754883,
      "ppl": 57724.78515625,
      "elapsed": 181.1157386302948
    },
    {
      "step": 2000,
      "loss": 10.952203750610352,
      "ppl": 57079.69921875,
      "elapsed": 200.1186285018921
    },
    {
      "step": 2200,
      "loss": 10.92197322845459,
      "ppl": 55379.96875,
      "elapsed": 226.44501376152039
    },
    {
      "step": 2400,
      "loss": 10.953203201293945,
      "ppl": 57136.7734375,
      "elapsed": 245.44266080856323
    },
    {
      "step": 2600,
      "loss": 10.949942588806152,
      "ppl": 56950.77734375,
      "elapsed": 264.8618428707123
    },
    {
      "step": 2800,
      "loss": 10.95870304107666,
      "ppl": 57451.88671875,
      "elapsed": 283.8589246273041
    },
    {
      "step": 3000,
      "loss": 10.959930419921875,
      "ppl": 57522.4453125,
      "elapsed": 302.8588111400604
    }
  ]
}