{
  "weight_set": "013",
  "config": {
    "max_steps": 50000,
    "size": "deep",
    "lr": 0.0003,
    "batch_size": 4,
    "effective_batch": 32,
    "n_samples": 200000,
    "max_length": 256,
    "init_mode": "identity",
    "mutate": false,
    "promote_frac": 0.005,
    "demote_frac": 0.002,
    "mutate_cycle": 500,
    "mutate_warmup": 2000,
    "ternary_decay": 0.01,
    "bitflip": true,
    "flip_pct": 0.001,
    "flip_cycle": 100,
    "flip_warmup": 0,
    "flip_cooldown": 10000
  },
  "params": {
    "ternary": 151117824,
    "continuous": 26093056,
    "total": 177210880,
    "ternary_pct": 85.27570316224377
  },
  "experiment": {
    "init_mode": "identity",
    "init_weight_dist": {
      "zero": 0.14999898274739584,
      "one": 0.7000020345052084,
      "three": 0.14999898274739584
    },
    "weight_decay_ternary": 0.01,
    "weight_decay_continuous": 0.01,
    "grad_clip_ternary": false,
    "grad_clip_continuous": 1.0,
    "mutator_enabled": false,
    "mutator_config": null,
    "hypothesis": "init_mode=identity: track weight ratio evolution and compression dynamics."
  },
  "checkpoints": [
    {
      "step": 1000,
      "train_ppl": {
        "loss": 9.41449833869934,
        "ppl": 12264.91883058139
      },
      "test_ppl": {
        "loss": 9.336527891159058,
        "ppl": 11344.948878922516
      },
      "gen_gap": 0.9249917619214065,
      "eff_rank": 165.66934368400004,
      "spectral_gap": 7.724727958440781,
      "gini_sv": 0.948589519322203,
      "weight_dist": {
        "zero": 0.15032519896825156,
        "one": 0.6993612845738729,
        "three": 0.15031351645787558
      },
      "elapsed": 104.30511283874512
    },
    {
      "step": 2000,
      "train_ppl": {
        "loss": 9.04019274711609,
        "ppl": 8435.40279888451
      },
      "test_ppl": {
        "loss": 9.00198353767395,
        "ppl": 8119.172650840291
      },
      "gen_gap": 0.9625115533207215,
      "eff_rank": 165.0386304662103,
      "spectral_gap": 7.524336049954097,
      "gini_sv": 0.9516118156953018,
      "weight_dist": {
        "zero": 0.150631136364407,
        "one": 0.6987434228261312,
        "three": 0.1506254408094618
      },
      "elapsed": 206.55277562141418
    },
    {
      "step": 3000,
      "train_ppl": {
        "loss": 9.345889148712159,
        "ppl": 11451.650518855715
      },
      "test_ppl": {
        "loss": 9.416009454727172,
        "ppl": 12283.466556359754
      },
      "gen_gap": 1.0726372182013773,
      "eff_rank": 153.78830575685888,
      "spectral_gap": 7.59976793328921,
      "gini_sv": 0.9565074474711065,
      "weight_dist": {
        "zero": 0.15089595317840576,
        "one": 0.6982612874772813,
        "three": 0.15084275934431288
      },
      "elapsed": 309.20066928863525
    },
    {
      "step": 4000,
      "train_ppl": {
        "loss": 8.67496775150299,
        "ppl": 5854.510984306402
      },
      "test_ppl": {
        "loss": 8.655433673858642,
        "ppl": 5741.258257178699
      },
      "gen_gap": 0.9806554761907035,
      "eff_rank": 160.76504442906784,
      "spectral_gap": 6.674320677916209,
      "gini_sv": 0.9553125751434023,
      "weight_dist": {
        "zero": 0.15139147970411512,
        "one": 0.697374059094323,
        "three": 0.1512344612015618
      },
      "elapsed": 411.64226937294006
    },
    {
      "step": 5000,
      "train_ppl": {
        "loss": 8.625971908569335,
        "ppl": 5574.5780567118345
      },
      "test_ppl": {
        "loss": 8.565395097732544,
        "ppl": 5246.912554467167
      },
      "gen_gap": 0.941221470233042,
      "eff_rank": 156.30789532358287,
      "spectral_gap": 7.6219704647858935,
      "gini_sv": 0.9566423708561237,
      "weight_dist": {
        "zero": 0.15154647827148438,
        "one": 0.6969218055407206,
        "three": 0.151531716187795
      },
      "elapsed": 514.3696315288544
    },
    {
      "step": 6000,
      "train_ppl": {
        "loss": 8.57500186920166,
        "ppl": 5297.561340421276
      },
      "test_ppl": {
        "loss": 8.554612398147583,
        "ppl": 5190.640599647124
      },
      "gen_gap": 0.979816988628649,
      "eff_rank": 148.58138158798894,
      "spectral_gap": 6.97821086148421,
      "gini_sv": 0.9570683729395402,
      "weight_dist": {
        "zero": 0.151800274848938,
        "one": 0.696530838807424,
        "three": 0.1516688863436381
      },
      "elapsed": 619.0334990024567
    }
  ],
  "steps": [
    {
      "step": 0,
      "loss": 10.819223403930664,
      "ppl": 49972.26171875,
      "elapsed": 0.2853074073791504
    },
    {
      "step": 200,
      "loss": 10.73804759979248,
      "ppl": 46076.00390625,
      "elapsed": 19.605618476867676
    },
    {
      "step": 400,
      "loss": 10.868261337280273,
      "ppl": 52483.8828125,
      "elapsed": 39.494757413864136
    },
    {
      "step": 600,
      "loss": 10.713827133178711,
      "ppl": 44973.42578125,
      "elapsed": 58.650644063949585
    },
    {
      "step": 800,
      "loss": 10.219317436218262,
      "ppl": 27427.9375,
      "elapsed": 78.02304720878601
    },
    {
      "step": 1000,
      "loss": 8.290477752685547,
      "ppl": 3985.738037109375,
      "elapsed": 96.96401596069336
    },
    {
      "step": 1200,
      "loss": 8.690059661865234,
      "ppl": 5943.53662109375,
      "elapsed": 123.22947669029236
    },
    {
      "step": 1400,
      "loss": 9.551132202148438,
      "ppl": 14060.60546875,
      "elapsed": 142.15895557403564
    },
    {
      "step": 1600,
      "loss": 9.332094192504883,
      "ppl": 11294.759765625,
      "elapsed": 161.38072419166565
    },
    {
      "step": 1800,
      "loss": 8.847054481506348,
      "ppl": 6953.87646484375,
      "elapsed": 180.32012796401978
    },
    {
      "step": 2000,
      "loss": 8.713889122009277,
      "ppl": 6086.869140625,
      "elapsed": 199.25657200813293
    },
    {
      "step": 2200,
      "loss": 9.336628913879395,
      "ppl": 11346.095703125,
      "elapsed": 225.47351026535034
    },
    {
      "step": 2400,
      "loss": 10.112174034118652,
      "ppl": 24641.173828125,
      "elapsed": 244.69003033638
    },
    {
      "step": 2600,
      "loss": 9.203812599182129,
      "ppl": 9934.935546875,
      "elapsed": 264.0180387496948
    },
    {
      "step": 2800,
      "loss": 9.445367813110352,
      "ppl": 12649.4345703125,
      "elapsed": 282.95619106292725
    },
    {
      "step": 3000,
      "loss": 9.631694793701172,
      "ppl": 15240.2431640625,
      "elapsed": 301.89465498924255
    },
    {
      "step": 3200,
      "loss": 9.1972017288208,
      "ppl": 9869.47265625,
      "elapsed": 328.39028096199036
    },
    {
      "step": 3400,
      "loss": 9.258915901184082,
      "ppl": 10497.7470703125,
      "elapsed": 347.29681754112244
    },
    {
      "step": 3600,
      "loss": 8.593487739562988,
      "ppl": 5396.40234375,
      "elapsed": 366.2131128311157
    },
    {
      "step": 3800,
      "loss": 7.520396709442139,
      "ppl": 1845.299072265625,
      "elapsed": 385.1318883895874
    },
    {
      "step": 4000,
      "loss": 8.092845916748047,
      "ppl": 3270.983154296875,
      "elapsed": 404.34447288513184
    },
    {
      "step": 4200,
      "loss": 8.674415588378906,
      "ppl": 5851.27978515625,
      "elapsed": 430.56728053092957
    },
    {
      "step": 4400,
      "loss": 8.35237979888916,
      "ppl": 4240.259765625,
      "elapsed": 449.51481199264526
    },
    {
      "step": 4600,
      "loss": 9.132413864135742,
      "ppl": 9250.32421875,
      "elapsed": 468.89548802375793
    },
    {
      "step": 4800,
      "loss": 8.286393165588379,
      "ppl": 3969.490966796875,
      "elapsed": 488.1061773300171
    },
    {
      "step": 5000,
      "loss": 8.04703426361084,
      "ppl": 3124.5146484375,
      "elapsed": 507.03521251678467
    },
    {
      "step": 5200,
      "loss": 8.569178581237793,
      "ppl": 5266.8017578125,