{
  "run": "n101_small_2026-03-29T20-12-33",
  "config": {
    "weight_set": "n101",
    "size": "small",
    "max_steps": 1000,
    "lr": 0.0003,
    "batch_size": 8,
    "effective_batch": 32,
    "max_length": 256,
    "n_samples": 10000,
    "params": {
      "ternary": 18889728,
      "continuous": 26007040,
      "total": 44896768,
      "ternary_pct": 42.07369225330429
    }
  },
  "zero_topology": {
    "blocks.0.attn.q_proj": {
      "n_zeros": 101202,
      "sparsity": 0.38605499267578125,
      "h0_gini_trained": 0.2823983356133728,
      "h0_gini_random": 0.28368280923247746,
      "gini_ratio": 0.9954721485500658,
      "h0_mean_bar_trained": 0.029629038352862687,
      "h0_mean_bar_random": 0.029350946262504025,
      "h0_max_bar_trained": 0.06852136552333832,
      "h0_max_bar_random": 0.0771685242652893
    },
    "blocks.0.attn.k_proj": {
      "n_zeros": 100445,
      "sparsity": 0.3831672668457031,
      "h0_gini_trained": 0.25749840300118176,
      "h0_gini_random": 0.26477716401510554,
      "gini_ratio": 0.9725098611090626,
      "h0_mean_bar_trained": 0.02989929249717337,
      "h0_mean_bar_random": 0.02957364477176137,
      "h0_max_bar_trained": 0.07622051984071732,
      "h0_max_bar_random": 0.07913772016763687
    },
    "blocks.0.attn.v_proj": {
      "n_zeros": 100902,
      "sparsity": 0.38491058349609375,
      "h0_gini_trained": 0.2711357911496681,
      "h0_gini_random": 0.275451188740063,
      "gini_ratio": 0.9843333491856257,
      "h0_mean_bar_trained": 0.029675993856083684,
      "h0_mean_bar_random": 0.029742007361228517,
      "h0_max_bar_trained": 0.0832100585103035,
      "h0_max_bar_random": 0.10950108617544174
    },
    "blocks.0.attn.o_proj": {
      "n_zeros": 100678,
      "sparsity": 0.38405609130859375,
      "h0_gini_trained": 0.259937244871032,
      "h0_gini_random": 0.25449125538972206,
      "gini_ratio": 1.0213995151737927,
      "h0_mean_bar_trained": 0.030149748977199048,
      "h0_mean_bar_random": 0.02996544100793045,
      "h0_max_bar_trained": 0.07827819883823395,
      "h0_max_bar_random": 0.06648339331150055
    },
    "blocks.0.mlp.up": {
      "n_zeros": 403419,
      "sparsity": 0.38473033905029297,
      "h0_gini_trained": 0.2615676081733984,
      "h0_gini_random": 0.2819601704344894,
      "gini_ratio": 0.927675734378842,
      "h0_mean_bar_trained": 0.02961361326346312,
      "h0_mean_bar_random": 0.02917489065846544,
      "h0_max_bar_trained": 0.08289140462875366,
      "h0_max_bar_random": 0.07734019309282303
    },
    "blocks.0.mlp.down": {
      "n_zeros": 404267,
      "sparsity": 0.38553905487060547,
      "h0_gini_trained": 0.2571334715223086,
      "h0_gini_random": 0.27658447910565886,
      "gini_ratio": 0.9296742621052148,
      "h0_mean_bar_trained": 0.03025329662468247,
      "h0_mean_bar_random": 0.02964066958123956,
      "h0_max_bar_trained": 0.07789386808872223,
      "h0_max_bar_random": 0.08562134206295013
    },
    "blocks.1.attn.q_proj": {
      "n_zeros": 100251,
      "sparsity": 0.3824272155761719,
      "h0_gini_trained": 0.26546138066872005,
      "h0_gini_random": 0.2582200707710036,
      "gini_ratio": 1.0280431721519363,
      "h0_mean_bar_trained": 0.029780572840901007,
      "h0_mean_bar_random": 0.029693485100712545,
      "h0_max_bar_trained": 0.08630500733852386,
      "h0_max_bar_random": 0.06803730875253677
    },
    "blocks.1.attn.k_proj": {
      "n_zeros": 101068,
      "sparsity": 0.3855438232421875,
      "h0_gini_trained": 0.2728413293800578,
      "h0_gini_random": 0.26790150481281993,
      "gini_ratio": 1.018438957894952,
      "h0_mean_bar_trained": 0.029410635187423123,
      "h0_mean_bar_random": 0.029158483037339217,
      "h0_max_bar_trained": 0.06621839106082916,
      "h0_max_bar_random": 0.07889723777770996
    },
    "blocks.1.attn.v_proj": {
      "n_zeros": 101067,
      "sparsity": 0.3855400085449219,
      "h0_gini_trained": 0.26111783132415045,
      "h0_gini_random": 0.2833444401356262,
      "gini_ratio": 0.9215562204049716,
      "h0_mean_bar_trained": 0.029444657393053682,
      "h0_mean_bar_random": 0.02928527671645931,
      "h0_max_bar_trained": 0.07622076570987701,
      "h0_max_bar_random": 0.07384698837995529
    },
    "blocks.1.attn.o_proj": {
      "n_zeros": 101030,
      "sparsity": 0.38539886474609375,
      "h0_gini_trained": 0.26807961668288405,
      "h0_gini_random": 0.2883519550836522,
      "gini_ratio": 0.9296958524353093,
      "h0_mean_bar_trained": 0.029179531167996656,
      "h0_mean_bar_random": 0.02873265074252455,
      "h0_max_bar_trained": 0.07709433883428574,
      "h0_max_bar_random": 0.0757497176527977
    },
    "blocks.1.mlp.up": {
      "n_zeros": 402432,
      "sparsity": 0.3837890625,
      "h0_gini_trained": 0.2707725836207966,
      "h0_gini_random": 0.25657662782004387,
      "gini_ratio": 1.0553283279204582,
      "h0_mean_bar_trained": 0.029392108167447,
      "h0_mean_bar_random": 0.030530100506599732,
      "h0_max_bar_trained": 0.08437169343233109,
      "h0_max_bar_random": 0.07185432314872742
    },
    "blocks.1.mlp.down": {
      "n_zeros": 403025,
      "sparsity": 0.3843545913696289,
      "h0_gini_trained": 0.27843004967824814,
      "h0_gini_random": 0.268314428407719,
      "gini_ratio": 1.0377006235950825,
      "h0_mean_bar_trained": 0.029891576698677005,
      "h0_mean_bar_random": 0.03034813953472585,
      "h0_max_bar_trained": 0.07121670246124268,
      "h0_max_bar_random": 0.06660879403352737
    },
    "blocks.2.attn.q_proj": {
      "n_zeros": 101242,
      "sparsity": 0.38620758056640625,
      "h0_gini_trained": 0.2761613665202516,
      "h0_gini_random": 0.287961433004839,
      "gini_ratio": 0.9590220594422826,
      "h0_mean_bar_trained": 0.029901382233854197,
      "h0_mean_bar_random": 0.029237700823856842,
      "h0_max_bar_trained": 0.07166348397731781,
      "h0_max_bar_random": 0.09054885804653168
    },
    "blocks.2.attn.k_proj": {
      "n_zeros": 100792,
      "sparsity": 0.384490966796875,
      "h0_gini_trained": 0.27742013704164403,
      "h0_gini_random": 0.26709548486661294,
      "gini_ratio": 1.0386552853193576,
      "h0_mean_bar_trained": 0.029661616657623548,
      "h0_mean_bar_random": 0.02909489131307711,
      "h0_max_bar_trained": 0.08082935214042664,
      "h0_max_bar_random": 0.10696408152580261
    },
    "blocks.2.attn.v_proj": {
      "n_zeros": 101414,
      "sparsity": 0.38686370849609375,
      "h0_gini_trained": 0.2824981917294347,
      "h0_gini_random": 0.2787292165525104,
      "gini_ratio": 1.0135219953743682,
      "h0_mean_bar_trained": 0.028856232397459852,
      "h0_mean_bar_random": 0.02972208096107789,
      "h0_max_bar_trained": 0.09046588093042374,
      "h0_max_bar_random": 0.07156777381896973
    },
    "blocks.2.attn.o_proj": {
      "n_zeros": 100953,
      "sparsity": 0.3851051330566406,
      "h0_gini_trained": 0.26685816600818923,
      "h0_gini_random": 0.2701663742768756,
      "gini_ratio": 0.9877549222121328,
      "h0_mean_bar_trained": 0.029886147004546587,
      "h0_mean_bar_random": 0.029297490569460533,
      "h0_max_bar_trained": 0.0742608979344368,
      "h0_max_bar_random": 0.07000388950109482
    },
    "blocks.2.mlp.up": {
      "n_zeros": 402761,
      "sparsity": 0.38410282135009766,
      "h0_gini_trained": 0.2929869536295626,
      "h0_gini_random": 0.2731568993430713,
      "gini_ratio": 1.0725958390001555,
      "h0_mean_bar_trained": 0.02969111390654483,
      "h0_mean_bar_random": 0.02897441621290292,
      "h0_max_bar_trained": 0.08426176756620407,
      "h0_max_bar_random": 0.06678897142410278
    },
    "blocks.2.mlp.down": {
      "n_zeros": 404018,
      "sparsity": 0.3853015899658203,
      "h0_gini_trained": 0.2678831628563876,
      "h0_gini_random": 0.28141413188856457,
      "gini_ratio": 0.9519179476120445,
      "h0_mean_bar_trained": 0.029244257680295344,
      "h0_mean_bar_random": 0.02899066085940253,
      "h0_max_bar_trained": 0.06709881871938705,