{
  "Simple": {
    "gini_trajectory": [
      0.0,
      0.0,
      0.0,
      0.0,
      0.0,
      0.0,
      0.0,
      0.0,
      0.0,
      0.0,
      0.0,
      0.0,
      0.0,
      0.0,
      0.0,
      0.0,
      0.0,
      0.0,
      0.0,
      0.0,
      0.0,
      0.0,
      0.0,
      0.0,
      0.0,
      0.0,
      0.0,
      0.0,
      0.0
    ],
    "full_slope": 0.0,
    "mid_slope": 0.0,
    "peak_layer": 0,
    "peak_gini": 0.0
  },
  "Arithmetic": {
    "gini_trajectory": [
      0.18214191067113106,
      0.2832787580807048,
      0.35151543808085695,
      0.23668440904098076,
      0.8193437077893808,
      0.8198903414066949,
      0.8186626331542952,
      0.8154348071302258,
      0.8113376777317527,
      0.8079133383413621,
      0.8101241682939941,
      0.8095515108186238,
      0.8091778957091629,
      0.8082990258075471,
      0.8070501003519728,
      0.8062598858272572,
      0.8046902843112822,
      0.8031891687065731,
      0.8013464125632608,
      0.7984238195652398,
      0.7947170668578818,
      0.7876753430192782,
      0.7790748547544202,
      0.768547790709206,
      0.7584200903169667,
      0.7453792531234318,
      0.7229320999524504,
      0.526839912262538,
      0.09283949940914749
    ],
    "full_slope": 0.005011814382229552,
    "mid_slope": 0.0037558517853466394,
    "peak_layer": 5,
    "peak_gini": 0.8198903414066949
  },
  "Factual": {
    "gini_trajectory": [
      0.006472140061799747,
      0.12187927057148418,
      0.19970338934275111,
      0.1582859694428871,
      0.8164028759836561,
      0.8170203816738393,
      0.8163812153303949,
      0.8138840292499743,
      0.810894694535218,
      0.8071373324814752,
      0.8089932628486587,
      0.8088429612420935,
      0.8081200589189856,
      0.8075253568927998,
      0.8062701286561906,
      0.8051552697459101,
      0.8041276809405637,
      0.803092453443375,
      0.801227735268369,
      0.7975429380002304,
      0.7932237149752188,
      0.7862715034016134,
      0.7768558010132334,
      0.7646380970948665,
      0.7515174511196945,
      0.7396615186410782,
      0.7228440922641324,
      0.5373489485368468,
      0.11651372476309496
    ],
    "full_slope": 0.008754707065857664,
    "mid_slope": 0.004498694574374151,
    "peak_layer": 5,
    "peak_gini": 0.8170203816738393
  },
  "Reasoning": {
    "gini_trajectory": [
      0.14354508647098219,
      0.10421005842444808,
      0.16632503939615684,
      0.16026840755783955,
      0.8538395794118687,
      0.8551035900190773,
      0.8540019787848452,
      0.8515924893803348,
      0.8480769855681285,
      0.8447930301684567,
      0.8456826107589386,
      0.8451841094151511,
      0.844773513017788,
      0.844164208804203,
      0.8430152216854336,
      0.8412572906200704,
      0.8394406223501396,
      0.8376636620088052,
      0.8349418174965377,
      0.8312373672343738,
      0.8259009496952157,
      0.817018003311103,
      0.8058814539369656,
      0.791901277356196,
      0.7787152752208129,
      0.7666457522179029,
      0.7511145450455166,
      0.5602113662473245,
      0.17373155192331136
    ],
    "full_slope": 0.008774025209479267,
    "mid_slope": 0.004390483784012419,
    "peak_layer": 5,
    "peak_gini": 0.8551035900190773
  },
  "Complex": {
    "gini_trajectory": [
      0.17225888178650628,
      0.31413656476323615,
      0.34186443791937493,
      0.3640307305576973,
      0.9244390099689284,
      0.9243536264724059,
      0.9195946085910025,
      0.9097924616634039,
      0.8972621864826076,
      0.8899746223081626,
      0.8883940184596979,
      0.8852968166982551,
      0.8819839956489699,
      0.8782152641189791,
      0.8733186684491063,
      0.869127229568115,
      0.8599400476819006,
      0.8568162120453089,
      0.8494931030831183,
      0.8418822493743168,
      0.8323168444938276,
      0.8144152094336681,
      0.789918619644217,
      0.7647358203016748,
      0.7389628273968629,
      0.7131158377533655,
      0.6827867329294377,
      0.44401228775227874,
      0.1713123445386704
    ],
    "full_slope": 0.0018154731604281872,
    "mid_slope": -0.002056116503793859,
    "peak_layer": 4,
    "peak_gini": 0.9244390099689284
  }
}