{
  "weight_set": "013",
  "config": {
    "max_steps": 50000,
    "size": "deep",
    "lr": 0.0003,
    "batch_size": 8,
    "effective_batch": 32,
    "n_samples": 200000,
    "max_length": 256,
    "init_mode": null,
    "mutate": true,
    "promote_frac": 0.001,
    "demote_frac": 0.0,
    "mutate_cycle": 500,
    "mutate_warmup": 2000,
    "ternary_decay": 0.01
  },
  "params": {
    "ternary": 151117824,
    "continuous": 26093056,
    "total": 177210880,
    "ternary_pct": 85.27570316224377
  },
  "experiment": {
    "init_mode": "mixed",
    "init_weight_dist": {
      "zero": 0.15426971515019736,
      "one": 0.6957954631911384,
      "three": 0.14993482165866429
    },
    "weight_decay_ternary": 0.01,
    "weight_decay_continuous": 0.01,
    "grad_clip_ternary": false,
    "grad_clip_continuous": 1.0,
    "mutator_enabled": true,
    "mutator_config": {
      "promote_frac": 0.001,
      "demote_frac": 0.0,
      "cycle_steps": 500,
      "warmup_steps": 2000
    },
    "hypothesis": "Mutation engine: STE can't cross quantization boundaries. Gradient-informed promotion (0\u21923) and demotion (active\u21920) lets the network discover its own weight ratio. Compare to all prior runs where ratios froze at init."
  },
  "checkpoints": [
    {
      "step": 1000,
      "train_ppl": {
        "loss": 10.872539739608765,
        "ppl": 52708.9073203497
      },
      "test_ppl": {
        "loss": 10.870976753234864,
        "ppl": 52626.58836488587
      },
      "gen_gap": 0.9984382344531728,
      "eff_rank": 179.26249978764363,
      "spectral_gap": 7.514172275861104,
      "gini_sv": 0.9420639569224569,
      "weight_dist": {
        "zero": 0.15427226490444607,
        "one": 0.6957930194007026,
        "three": 0.14993471569485134
      },
      "elapsed": 200.4996509552002,
      "mutations": {
        "total_promoted": 0,
        "total_demoted": 0,
        "cycles_this_ckpt": 0
      }
    },
    {
      "step": 2000,
      "train_ppl": {
        "loss": 10.732950038909912,
        "ppl": 45841.7276285308
      },
      "test_ppl": {
        "loss": 10.72691647529602,
        "ppl": 45565.97138169147
      },
      "gen_gap": 0.9939846017786704,
      "eff_rank": 180.5121354025905,
      "spectral_gap": 7.557975182930629,
      "gini_sv": 0.9424392118772092,
      "weight_dist": {
        "zero": 0.15428349044587877,
        "one": 0.6957821316189237,
        "three": 0.14993437793519762
      },
      "elapsed": 399.6350083351135,
      "mutations": {
        "total_promoted": 0,
        "total_demoted": 0,
        "cycles_this_ckpt": 0
      }
    },
    {
      "step": 3000,
      "train_ppl": {
        "loss": 10.504470329284668,
        "ppl": 36478.20833231585
      },
      "test_ppl": {
        "loss": 10.4859686088562,
        "ppl": 35809.503886816514
      },
      "gen_gap": 0.9816683857001021,
      "eff_rank": 178.46214772700284,
      "spectral_gap": 8.112816671530405,
      "gini_sv": 0.9424451264714143,
      "weight_dist": {
        "zero": 0.15432535939746433,
        "one": 0.6957409977912903,
        "three": 0.14993364281124538
      },
      "elapsed": 598.423520565033,
      "mutations": {
        "total_promoted": 0,
        "total_demoted": 0,
        "cycles_this_ckpt": 0
      }
    },
    {
      "step": 4000,
      "train_ppl": {
        "loss": 10.074230947494506,
        "ppl": 23723.726571465122
      },
      "test_ppl": {
        "loss": 10.09203595161438,
        "ppl": 24149.910464853878
      },
      "gen_gap": 1.017964458159848,
      "eff_rank": 179.98424302469144,
      "spectral_gap": 7.379130184650421,
      "gini_sv": 0.9421933467016167,
      "weight_dist": {
        "zero": 0.15443772077560425,
        "one": 0.6956304510434469,
        "three": 0.14993182818094888
      },
      "elapsed": 797.706380367279,
      "mutations": {
        "total_promoted": 0,
        "total_demoted": 0,
        "cycles_this_ckpt": 0
      }
    },
    {
      "step": 5000,
      "train_ppl": {
        "loss": 9.576493530273437,
        "ppl": 14421.761069773678
      },
      "test_ppl": {
        "loss": 9.532814741134644,
        "ppl": 13805.395060167863
      },
      "gen_gap": 0.9572613908506884,
      "eff_rank": 175.23764401858728,
      "spectral_gap": 8.331204056739807,
      "gini_sv": 0.9454021459879192,
      "weight_dist": {
        "zero": 0.15465985404120552,
        "one": 0.6954115960333083,
        "three": 0.14992854992548624
      },
      "elapsed": 996.8257069587708,
      "mutations": {
        "total_promoted": 0,
        "total_demoted": 0,
        "cycles_this_ckpt": 0
      }
    },
    {
      "step": 6000,
      "train_ppl": {
        "loss": 9.047519464492797,
        "ppl": 8497.433574643794
      },
      "test_ppl": {
        "loss": 8.933915948867797,
        "ppl": 7584.90941353191
      },
      "gen_gap": 0.8926117923610676,
      "eff_rank": 173.28886501951663,
      "spectral_gap": 8.57508134841919,
      "gini_sv": 0.9447212934186627,
      "weight_dist": {
        "zero": 0.15498561329311794,
        "one": 0.6950902077886794,
        "three": 0.14992417891820273
      },
      "elapsed": 1200.6938378810883,
      "mutations": {
        "total_promoted": 0,
        "total_demoted": 0,
        "cycles_this_ckpt": 0
      }
    },
    {
      "step": 7000,
      "train_ppl": {
        "loss": 8.689914436340333,
        "ppl": 5942.673744042182
      },
      "test_ppl": {
        "loss": 8.664614534378051,
        "ppl": 5794.210650775683
      },
      "gen_gap": 0.9750174585277643,
      "eff_rank": 176.67436120333835,
      "spectral_gap": 7.226948618888855,
      "gini_sv": 0.9450773159284305,
      "weight_dist": {
        "zero": 0.15526554981867471,
        "one": 0.6948148277070787,
        "three": 0.14991962247424656
      },
      "elapsed": 1400.6461284160614,
      "mutations": {
        "total_promoted": 0,
        "total_demoted": 0,
        "cycles_this_ckpt": 0
      }
    },
    {
      "step": 8000,
      "train_ppl": {
        "loss": 8.613121480941773,
        "ppl": 5503.400654347143
      },
      "test_ppl": {
        "loss": 8.604903588294983,
        "ppl": 5458.359623238845
      },
      "gen_gap": 0.9918157819251775,
      "eff_rank": 167.68536971339717,
      "spectral_gap": 9.536015152931213,
      "gini_sv": 0.9416213335193057,
      "weight_dist": {
        "zero": 0.15530195501115587,
        "one": 0.6946273181173537,
        "three": 0.15007072687149048
      },
      "elapsed": 1601.7772834300995,
      "mutations": {
        "total_promoted": 23307,
        "total_demoted": 0,
        "cycles_this_ckpt": 1
      }
    },
    {
      "step": 9000,
      "train_ppl": {
        "loss": 8.540156998634338,
        "ppl": 5116.147526773577
      },
      "test_ppl": {
        "loss": 8.484940848350526,
        "ppl": 4841.3110849616405
      },
      "gen_gap": 0.9462805870288776,
      "eff_rank": 166.16206530380518,
      "spectral_gap": 9.702412923177084,
      "gini_sv": 0.9404758842694972,
      "weight_dist": {
        "zero": 0.15547088119718763,
        "one": 0.6944611072540283,
        "three": 0.15006801154878405
      },
      "elapsed": 1803.9364445209503,
      "mutations": {
        "total_promoted": 0,
        "total_demoted": 0,
        "cycles_this_ckpt": 0
      }
    },
    {
      "step": 10000,
      "train_ppl": {
        "loss": 8.553241987228393,
        "ppl": 5183.532160945271
      },
      "test_ppl": {
        "loss": 8.533268880844116,
        "ppl": 5081.027992578308
      },
      "gen_gap": 0.9802250347476824,
      "eff_rank": 149.7984320926885,
      "spectral_gap": 13.486311415831247,
      "gini_sv": 0.9381770719991686,
      "weight_dist": {
        "zero": 0.15543841653399998,
        "one": 0.6943405138121711,
        "three": 0.15022106965382895
      },
      "elapsed": 2006.9604823589325,
      "mutations": {
        "total_promoted": 23336,
        "total_demoted": 0,