{
  "experiment": "SU(3) Yang-Mills confinement-deconfinement",
  "timestamp": "2026-03-26T23:49:53",
  "lattice": [
    8,
    8,
    8,
    4
  ],
  "beta_values": [
    5.0,
    5.2,
    5.4,
    5.5,
    5.6,
    5.7,
    5.8,
    6.0,
    6.5,
    7.0
  ],
  "n_therm": 100,
  "n_configs": 5,
  "epsilon_mh": 0.2,
  "results_per_beta": {
    "5.0": {
      "beta": 5.0,
      "n_configs": 5,
      "plaquettes": [
        0.4837529621989413,
        0.4822831165008974,
        0.48308464321217226,
        0.48157478280012195,
        0.48248124253549224
      ],
      "mean_plaquette": 0.482635349449525,
      "onset_scales": [
        0.5271631604677239,
        0.5197607916490444,
        0.5126180824410111,
        0.5237517305454324,
        0.5167458176495057
      ],
      "mean_onset": 0.5200079165505436,
      "std_onset": 0.005109318288503369,
      "gini_values": [
        0.15288815124560196,
        0.1515950327423734,
        0.14391830752489687,
        0.1451700573929997,
        0.14876979776411536
      ],
      "mean_gini": 0.14846826933399745,
      "gen_time_s": 125.42890214920044
    },
    "5.2": {
      "beta": 5.2,
      "n_configs": 5,
      "plaquettes": [
        0.5212148417133474,
        0.5204395904271796,
        0.5198720788542469,
        0.5204397362556265,
        0.5195443031784021
      ],
      "mean_plaquette": 0.5203021100857604,
      "onset_scales": [
        0.49582550511957046,
        0.4816483674803552,
        0.4840843536966387,
        0.4650758820956783,
        0.4852352618331823
      ],
      "mean_onset": 0.48237387404508497,
      "std_onset": 0.009917727003033706,
      "gini_values": [
        0.1552005338257827,
        0.15170403228428397,
        0.15258355429647508,
        0.15120006516006668,
        0.15828795046660282
      ],
      "mean_gini": 0.15379522720664224,
      "gen_time_s": 125.22532916069031
    },
    "5.4": {
      "beta": 5.4,
      "n_configs": 5,
      "plaquettes": [
        0.5432748881731574,
        0.5434869381432271,
        0.5423776006482456,
        0.5410631488723177,
        0.5437974364428175
      ],
      "mean_plaquette": 0.5428000024559531,
      "onset_scales": [
        0.48187871565977325,
        0.43811815896317297,
        0.44705301821072246,
        0.452210026597662,
        0.4660307024206913
      ],
      "mean_onset": 0.45705812437040444,
      "std_onset": 0.015355112501900343,
      "gini_values": [
        0.1570733557713051,
        0.14507391827071991,
        0.1494975733426025,
        0.15188375592356929,
        0.15391279138961744
      ],
      "mean_gini": 0.15148827893956285,
      "gen_time_s": 125.84811234474182
    },
    "5.5": {
      "beta": 5.5,
      "n_configs": 5,
      "plaquettes": [
        0.5529737127384927,
        0.5531884870586625,
        0.5540444407641725,
        0.5526376890999295,
        0.552463487054939
      ],
      "mean_plaquette": 0.5530615633432392,
      "onset_scales": [
        0.4630704616755718,
        0.47174287380469376,
        0.46259956176395656,
        0.42604441315850816,
        0.45846165286403556
      ],
      "mean_onset": 0.4563837926533532,
      "std_onset": 0.015773675242313403,
      "gini_values": [
        0.16140664120613435,
        0.16946274799675054,
        0.16331629072983267,
        0.1533030544993419,
        0.1560292724263057
      ],
      "mean_gini": 0.16070360137167303,
      "gen_time_s": 124.57650375366211
    },
    "5.6": {
      "beta": 5.6,
      "n_configs": 5,
      "plaquettes": [
        0.5687452529820619,
        0.5680759057298984,
        0.5683596821873522,
        0.567037670876074,
        0.5655552228602446
      ],
      "mean_plaquette": 0.5675547469271263,
      "onset_scales": [
        0.40316959055282003,
        0.4264688813902939,
        0.4302611483107024,
        0.42524914636835165,
        0.4218149368290838
      ],
      "mean_onset": 0.4213927406902503,
      "std_onset": 0.009503148671826559,
      "gini_values": [
        0.14740596831744623,
        0.15433569542547643,
        0.15802392052151903,
        0.1582833367754204,
        0.1531922250015083
      ],
      "mean_gini": 0.15424822920827408,
      "gen_time_s": 126.15285348892212
    },
    "5.7": {
      "beta": 5.7,
      "n_configs": 5,
      "plaquettes": [
        0.5770473172396194,
        0.5761383681152348,
        0.5778674678238652,
        0.578464655710719,
        0.5787954784832364
      ],
      "mean_plaquette": 0.577662657474535,
      "onset_scales": [
        0.4195234057160625,
        0.43777199628600233,
        0.4240018849243659,
        0.4374449256076734,
        0.4202247685215422
      ],
      "mean_onset": 0.4277933962111293,
      "std_onset": 0.00815814813393756,
      "gini_values": [
        0.15224760416972227,
        0.1680747457977083,
        0.15188771183316918,
        0.16675870939758752,
        0.15878323940672634
      ],
      "mean_gini": 0.15955040212098273,
      "gen_time_s": 126.25664734840393
    },
    "5.8": {
      "beta": 5.8,
      "n_configs": 5,
      "plaquettes": [
        0.5870695200303166,
        0.5861136455170176,
        0.585952033487249,
        0.5857726155244481,
        0.5865219856070464
      ],
      "mean_plaquette": 0.5862859600332155,
      "onset_scales": [
        0.43839510741958654,
        0.41533344306792314,
        0.43296144849476875,
        0.41772007775784453,
        0.4192618313779801
      ],
      "mean_onset": 0.42473438162362065,
      "std_onset": 0.0091850636276012,
      "gini_values": [
        0.16692736673772224,
        0.1630227833026734,
        0.16564594108286568,
        0.16214503489143262,
        0.1685688690239806
      ],
      "mean_gini": 0.16526199900773492,
      "gen_time_s": 127.29734826087952
    },
    "6.0": {
      "beta": 6.0,
      "n_configs": 5,
      "plaquettes": [
        0.6056009819941903,
        0.6062898288311832,
        0.6058760415487668,
        0.6061910864271548,
        0.6062401722439137
      ],
      "mean_plaquette": 0.6060396222090418,
      "onset_scales": [
        0.388531804135365,
        0.37802945130520377,
        0.3963488259216191,
        0.40467519848471595,
        0.37801892022095246
      ],
      "mean_onset": 0.3891208400135712,
      "std_onset": 0.010400003245802047,
      "gini_values": [
        0.16050102979602654,
        0.15640420087804285,
        0.16370353025604456,
        0.16429816658933416,
        0.15047951917736113
      ],
      "mean_gini": 0.15907728933936185,
      "gen_time_s": 128.56030535697937
    },
    "6.5": {
      "beta": 6.5,
      "n_configs": 5,
      "plaquettes": [
        0.6455823735872538,
        0.6436977163915119,
        0.6450650487214534,
        0.6457121722114222,
        0.6447366114869614
      ],
      "mean_plaquette": 0.6449587844797204,
      "onset_scales": [
        0.36344596422948217,
        0.3624717090214258,
        0.36207294807472773,
        0.36345012205701,
        0.3402830423677761
      ],
      "mean_onset": 0.3583447571500843,
      "std_onset": 0.009047029840739773,
      "gini_values": [
        0.17259561973207482,
        0.16657015712121725,
        0.1632780033685255,
        0.1582008023632948,
        0.15702676308322627
      ],
      "mean_gini": 0.16353426913366773,
      "gen_time_s": 123.9719569683075
    },
    "7.0": {
      "beta": 7.0,
      "n_configs": 5,
      "plaquettes": [
        0.6760812230563839,
        0.6766398175712354,
        0.6770226414475192,
        0.6778506108155488,
        0.677237759406505
      ],
      "mean_plaquette": 0.6769664104594384,
      "onset_scales": [
        0.2983099363607913,
        0.3214441747882747,
        0.3330319281411899,
        0.32265369667665994,
        0.32419003522701656
      ],
      "mean_onset": 0.3199259542387865,
      "std_onset": 0.011549430634890515,