{
  "experiment": "topology_of_truth_fine_grained",
  "n_samples": 200,
  "window_words": 5,
  "stride_words": 3,
  "elapsed": 10.959198951721191,
  "results": {
    "H0_n_bars": {
      "truth_mean": 31.105,
      "truth_std": 12.259036462952544,
      "false_mean": 31.35,
      "false_std": 12.235501624371597,
      "delta_pct": 0.7876547178910174,
      "t_stat": -0.19954376667804766,
      "p_value": 0.8419393184745986
    },
    "H0_mean": {
      "truth_mean": 0.7700309860163957,
      "truth_std": 0.05891107280483598,
      "false_mean": 0.7871240609456188,
      "false_std": 0.06160441874192524,
      "delta_pct": 2.2197905330603307,
      "t_stat": -2.828853306824711,
      "p_value": 0.004908308288803316
    },
    "H0_max": {
      "truth_mean": 1.047432951927185,
      "truth_std": 0.07559112653376474,
      "false_mean": 1.0684863463044167,
      "false_std": 0.07570820456018929,
      "delta_pct": 2.009999240380527,
      "t_stat": -2.77604514111992,
      "p_value": 0.005762218742813804
    },
    "H0_total": {
      "truth_mean": 23.79137936075186,
      "truth_std": 9.140950611167774,
      "false_mean": 24.4725090699218,
      "false_std": 9.189908043250737,
      "delta_pct": 2.8629265199040232,
      "t_stat": -0.7412880549517735,
      "p_value": 0.4589559721072352
    },
    "H0_gini": {
      "truth_mean": 0.112201691858487,
      "truth_std": 0.02746478613832663,
      "false_mean": 0.11000684612464155,
      "false_std": 0.027379288163931106,
      "delta_pct": -1.9561609967643496,
      "t_stat": 0.7983903861744128,
      "p_value": 0.42512011921806186
    },
    "H1_n_bars": {
      "truth_mean": 13.94,
      "truth_std": 8.156984737021396,
      "false_mean": 14.25,
      "false_std": 8.368841018922513,
      "delta_pct": 2.2238163558106203,
      "t_stat": -0.37420051114561925,
      "p_value": 0.7084545514537981
    },
    "H1_mean": {
      "truth_mean": 0.05167455741227208,
      "truth_std": 0.014961287851726665,
      "false_mean": 0.050052480578920804,
      "false_std": 0.01492615050359201,
      "delta_pct": -3.1390241437579363,
      "t_stat": 1.0827394587292276,
      "p_value": 0.27957961834020645
    },
    "H1_max": {
      "truth_mean": 0.13701219588518143,
      "truth_std": 0.04804724179180877,
      "false_mean": 0.13382752478122711,
      "false_std": 0.04702825694392639,
      "delta_pct": -2.3243705302140594,
      "t_stat": 0.6682093824147357,
      "p_value": 0.5043874467462797
    },
    "H1_total": {
      "truth_mean": 0.71654580026865,
      "truth_std": 0.4412664592148387,
      "false_mean": 0.7177276945114136,
      "false_std": 0.44538322030549937,
      "delta_pct": 0.1649432935508775,
      "t_stat": -0.026592759783228285,
      "p_value": 0.9787978775911301
    },
    "H1_gini": {
      "truth_mean": 0.41242933321598685,
      "truth_std": 0.0912821512473164,
      "false_mean": 0.41165352586786297,
      "false_std": 0.09530901973351663,
      "delta_pct": -0.18810673384319987,
      "t_stat": 0.08292838769307308,
      "p_value": 0.9339502505785713
    }
  }
}