{
  "experiment": "CARET_14.15_transcoded",
  "checkpoints": [
    {
      "step": 1000,
      "train_ppl": {
        "loss": 6.857521185874939,
        "ppl": 951.0067743105284
      },
      "test_ppl": {
        "loss": 6.9404357099533085,
        "ppl": 1033.2203012689595
      },
      "gen_gap": 1.086448939354859,
      "weight_dist": {
        "zero": 0.22223444794378444,
        "one": 0.41668432146212375,
        "three": 0.3610812305940918
      },
      "child_crystals": {
        "void": {
          "w0": 0.2225104884196353,
          "w1": 0.4160775910433138,
          "w3": 0.36141192053705085
        },
        "identity": {
          "w0": 0.22260704160951075,
          "w1": 0.41672574302697757,
          "w3": 0.36066721536351165
        },
        "prime": {
          "w0": 0.22186056772867838,
          "w1": 0.41681448618570965,
          "w3": 0.361324946085612
        }
      }
    },
    {
      "step": 2000,
      "train_ppl": {
        "loss": 5.894695086479187,
        "ppl": 363.1061030574756
      },
      "test_ppl": {
        "loss": 5.9328535103797915,
        "ppl": 377.22940751513295
      },
      "gen_gap": 1.0388958057678854,
      "weight_dist": {
        "zero": 0.22223255661835437,
        "one": 0.41668249803042706,
        "three": 0.3610849453512186
      },
      "child_crystals": {
        "void": {
          "w0": 0.2225077517152295,
          "w1": 0.41612137831380697,
          "w3": 0.36137086997096357
        },
        "identity": {
          "w0": 0.222614357567444,
          "w1": 0.4166862368541381,
          "w3": 0.3606994055784179
        },
        "prime": {
          "w0": 0.22185993194580078,
          "w1": 0.41680018107096356,
          "w3": 0.36133988698323566
        }
      }
    },
    {
      "step": 3000,
      "train_ppl": {
        "loss": 5.2616161894798275,
        "ppl": 192.79282938144024
      },
      "test_ppl": {
        "loss": 5.323739337921142,
        "ppl": 205.14957309005334
      },
      "gen_gap": 1.0640933781005169,
      "weight_dist": {
        "zero": 0.22223138787622962,
        "one": 0.41668340004717064,
        "three": 0.36108521207659977
      },
      "child_crystals": {
        "void": {
          "w0": 0.22245028092270724,
          "w1": 0.41617337569751756,
          "w3": 0.3613763433797752
        },
        "identity": {
          "w0": 0.22261362597165066,
          "w1": 0.41667599451303156,
          "w3": 0.3607103795153178
        },
        "prime": {
          "w0": 0.22186152140299478,
          "w1": 0.4168265660603841,
          "w3": 0.3613119125366211
        }
      }
    },
    {
      "step": 4000,
      "train_ppl": {
        "loss": 4.946878175735474,
        "ppl": 140.73492770880108
      },
      "test_ppl": {
        "loss": 5.047102811336518,
        "ppl": 155.57109214217948
      },
      "gen_gap": 1.105419206695273,
      "weight_dist": {
        "zero": 0.22222948200214235,
        "one": 0.41668317211820854,
        "three": 0.3610873458796491
      },
      "child_crystals": {
        "void": {
          "w0": 0.22252964535047606,
          "w1": 0.416074854338908,
          "w3": 0.36139550031061596
        },
        "identity": {
          "w0": 0.2225419295839049,
          "w1": 0.4167667123914037,
          "w3": 0.3606913580246914
        },
        "prime": {
          "w0": 0.2218325932820638,
          "w1": 0.4168539047241211,
          "w3": 0.3613135019938151
        }
      }
    },
    {
      "step": 5000,
      "train_ppl": {
        "loss": 4.798449347019195,
        "ppl": 121.32214303952772
      },
      "test_ppl": {
        "loss": 4.873052031993866,
        "ppl": 130.71926808536668
      },
      "gen_gap": 1.0774559763816347,
      "weight_dist": {
        "zero": 0.22222550051963438,
        "one": 0.416687701600136,
        "three": 0.3610867978802296
      },
      "child_crystals": {
        "void": {
          "w0": 0.2225515389857226,
          "w1": 0.4160338037728207,
          "w3": 0.3614146572414567
        },
        "identity": {
          "w0": 0.22252729766803842,
          "w1": 0.4168193872885231,
          "w3": 0.3606533150434385
        },
        "prime": {
          "w0": 0.2218011220296224,
          "w1": 0.4169012705485026,
          "w3": 0.361297607421875
        }
      }
    },
    {
      "step": 6000,
      "train_ppl": {
        "loss": 4.61509387254715,
        "ppl": 100.99730896214551
      },
      "test_ppl": {
        "loss": 4.755861787796021,
        "ppl": 116.26380473153819
      },
      "gen_gap": 1.1511574508892575,
      "weight_dist": {
        "zero": 0.22222492827245297,
        "one": 0.41668910312077523,
        "three": 0.3610859686067718
      },
      "child_crystals": {
        "void": {
          "w0": 0.2224557543315189,
          "w1": 0.41616790228870587,
          "w3": 0.3613763433797752
        },
        "identity": {
          "w0": 0.22250973936899862,
          "w1": 0.4168193872885231,
          "w3": 0.36067087334247827
        },
        "prime": {
          "w0": 0.2218017578125,
          "w1": 0.4169149398803711,
          "w3": 0.3612833023071289
        }
      }
    },
    {
      "step": 7000,
      "train_ppl": {
        "loss": 4.6689550089836125,
        "ppl": 106.58630248715204
      },
      "test_ppl": {
        "loss": 4.694959497451782,
        "ppl": 109.39437780102155
      },
      "gen_gap": 1.0263455551824587,
      "weight_dist": {
        "zero": 0.2222266789608639,
        "one": 0.41668662984905896,
        "three": 0.36108669119007714
      },
      "child_crystals": {
        "void": {
          "w0": 0.2225624858033459,
          "w1": 0.4161159049049953,
          "w3": 0.3613216092916588
        },
        "identity": {
          "w0": 0.22251851851851853,
          "w1": 0.41686035665294924,
          "w3": 0.36062112482853226
        },
        "prime": {
          "w0": 0.2217715581258138,
          "w1": 0.4169492721557617,
          "w3": 0.3612791697184245
        }
      }
    },
    {
      "step": 8000,
      "train_ppl": {
        "loss": 4.579644525051117,
        "ppl": 97.4797364431063
      },
      "test_ppl": {
        "loss": 4.621969983577729,
        "ppl": 101.69417077627652
      },
      "gen_gap": 1.0432339528906087,
      "weight_dist": {
        "zero": 0.22222580604143463,
        "one": 0.41668873940434636,
        "three": 0.36108545455421903
      },
      "child_crystals": {
        "void": {
          "w0": 0.22251596182844693,
          "w1": 0.4161596921754884,
          "w3": 0.3613243459960646
        },
        "identity": {
          "w0": 0.22250461819844536,
          "w1": 0.4168698673982625,
          "w3": 0.36062551440329216
        },
        "prime": {
          "w0": 0.22178363800048828,
          "w1": 0.4169556299845378,
          "w3": 0.36126073201497394
        }
      }
    },
    {
      "step": 9000,
      "train_ppl": {
        "loss": 4.433780496120453,
        "ppl": 84.24931984305795
      },
      "test_ppl": {
        "loss": 4.572581021785736,
        "ppl": 96.79361407296034
      },
      "gen_gap": 1.1488949020985602,
      "weight_dist": {
        "zero": 0.22222307089388957,
        "one": 0.41669047069454773,
        "three": 0.36108645841156267
      },
      "child_crystals": {
        "void": {
          "w0": 0.2224803846711713,
          "w1": 0.41624179330766303,
          "w3": 0.36127782202116565
        },
        "identity": {
          "w0": 0.22254485596707818,
          "w1": 0.41685230909922266,
          "w3": 0.36060283493369916
        },
        "prime": {
          "w0": 0.22177569071451822,
          "w1": 0.41697851816813153,
          "w3": 0.3612457911173503
        }
      }
    },
    {
      "step": 10000,
      "train_ppl": {
        "loss": 4.556200289726258,
        "ppl": 95.22097943413745
      },
      "test_ppl": {
        "loss": 4.542314734458923,
        "ppl": 93.907920634219
      },