{
  "experiment": "decoherence_spectrum",
  "n_samples": 200,
  "elapsed": 16.318602085113525,
  "levels": {
    "0": "L0: Truth (original)",
    "1": "L1: Shuffle steps (order broken)",
    "2": "L2: Random numbers (arithmetic broken)",
    "3": "L3: Cross-problem steps (context broken)",
    "4": "L4: Nonsense grammar (semantics broken)",
    "5": "L5: Word salad (complete decoherence)"
  },
  "results": {
    "H0_mean": {
      "L0": 0.7700309860163957,
      "L1": 0.7703843643326809,
      "L2": 0.7944937993881996,
      "L3": 0.8643207110201387,
      "L4": 0.9104100026905894,
      "L5": 0.9004612299185311,
      "spearman_r": 0.942857142857143,
      "spearman_p": 0.004804664723032055
    },
    "H0_max": {
      "L0": 1.047432951927185,
      "L1": 1.0478307563066482,
      "L2": 1.0591518822312356,
      "L3": 1.1416841939091682,
      "L4": 1.1688912546634673,
      "L5": 1.1600495636463166,
      "spearman_r": 0.942857142857143,
      "spearman_p": 0.004804664723032055
    },
    "H0_gini": {
      "L0": 0.112201691858487,
      "L1": 0.11233786518552907,
      "L2": 0.10433839701430675,
      "L3": 0.10743232032091819,
      "L4": 0.093682411320192,
      "L5": 0.09358809075340364,
      "spearman_r": -0.8857142857142858,
      "spearman_p": 0.01884548104956266
    },
    "H0_total": {
      "L0": 23.79137936075186,
      "L1": 23.803950599816343,
      "L2": 24.58627444027685,
      "L3": 28.082228792930277,
      "L4": 25.295283469257953,
      "L5": 27.954898742884396,
      "spearman_r": 0.8285714285714287,
      "spearman_p": 0.04156268221574335
    },
    "H1_mean": {
      "L0": 0.05167455741227208,
      "L1": 0.052092399480277274,
      "L2": 0.05061520879508425,
      "L3": 0.0463948867622415,
      "L4": 0.0472740915296461,
      "L5": 0.048138885079437754,
      "spearman_r": -0.7142857142857143,
      "spearman_p": 0.11078717201166179
    },
    "H1_max": {
      "L0": 0.13701219588518143,
      "L1": 0.13247416764497758,
      "L2": 0.1360034504532814,
      "L3": 0.13298657089471816,
      "L4": 0.1303954604268074,
      "L5": 0.13706537067890168,
      "spearman_r": 0.028571428571428574,
      "spearman_p": 0.9571545189504373
    },
    "H1_gini": {
      "L0": 0.41242933321598685,
      "L1": 0.40065467847788666,
      "L2": 0.4171596558610164,
      "L3": 0.43731079096559883,
      "L4": 0.43007681999761443,
      "L5": 0.43196733361208595,
      "spearman_r": 0.7714285714285715,
      "spearman_p": 0.07239650145772594
    },
    "H1_total": {
      "L0": 0.71654580026865,
      "L1": 0.7160582841932773,
      "L2": 0.7114581280946731,
      "L3": 0.72415333122015,
      "L4": 0.6101831465959549,
      "L5": 0.8284519946575165,
      "spearman_r": 0.2,
      "spearman_p": 0.7040000000000001
    },
    "H1_n": {
      "L0": 13.94,
      "L1": 13.84,
      "L2": 14.205,
      "L3": 15.89,
      "L4": 12.905,
      "L5": 16.66,
      "spearman_r": 0.3714285714285715,
      "spearman_p": 0.4684781341107872
    }
  }
}