{
  "stage": "prism",
  "config": {
    "stage": "prism",
    "width": 2048,
    "n_heads": 16,
    "prism_layers": 1,
    "analyzer_width": 512,
    "prism_checkpoint": null,
    "dataset": "arabic",
    "max_steps": 20000,
    "batch_size": 8,
    "effective_batch": 32,
    "n_samples": 100000,
    "max_length": 256,
    "lr": 0.0003,
    "ternary_decay": 0.0
  },
  "params": {
    "ternary": 50341888,
    "continuous": 103462912,
    "total": 153804800,
    "ternary_pct": 32.73102529960053
  },
  "experiment": {
    "init_weight_dist": {
      "zero": 0.22226059436798096,
      "one": 0.4165772795677185,
      "three": 0.36116212606430054
    },
    "weight_decay_ternary": 0.0,
    "weight_decay_continuous": 0.01,
    "warmup_steps": 2000,
    "prism_checkpoint": null
  },
  "checkpoints": [
    {
      "step": 1000,
      "train_ppl": {
        "loss": 4.8066111660003665,
        "ppl": 122.31640438055572
      },
      "test_ppl": {
        "loss": 4.814508047103882,
        "ppl": 123.28614641224117
      },
      "gen_gap": 1.0079281437072687,
      "topology": {
        "eff_rank": 175.70040967141955,
        "spectral_gap": 14.83857250213623,
        "gini_sv": 0.9017237531570808
      },
      "weight_dist": {
        "zero": 0.22224754095077515,
        "one": 0.41658931970596313,
        "three": 0.3611631393432617
      },
      "per_layer_crystal": {
        "prism_blocks.0.attn.q_proj": {
          "w0": 0.22247028350830078,
          "w1": 0.4164431095123291,
          "w3": 0.3610866069793701,
          "n": 4194304
        },
        "prism_blocks.0.attn.k_proj": {
          "w0": 0.22220921516418457,
          "w1": 0.41675829887390137,
          "w3": 0.36103248596191406,
          "n": 4194304
        },
        "prism_blocks.0.attn.v_proj": {
          "w0": 0.22179436683654785,
          "w1": 0.4171895980834961,
          "w3": 0.36101603507995605,
          "n": 4194304
        },
        "prism_blocks.0.attn.o_proj": {
          "w0": 0.22233009338378906,
          "w1": 0.4164927005767822,
          "w3": 0.3611772060394287,
          "n": 4194304
        },
        "prism_blocks.0.mlp.up": {
          "w0": 0.22216683626174927,
          "w1": 0.41672950983047485,
          "w3": 0.3611036539077759,
          "n": 16777216
        },
        "prism_blocks.0.mlp.down": {
          "w0": 0.2223747968673706,
          "w1": 0.41631752252578735,
          "w3": 0.36130768060684204,
          "n": 16777216
        }
      },
      "elapsed": 124.963698387146
    },
    {
      "step": 2000,
      "train_ppl": {
        "loss": 3.685747218132019,
        "ppl": 39.87490657406149
      },
      "test_ppl": {
        "loss": 3.6770528626441954,
        "ppl": 39.52972271128886
      },
      "gen_gap": 0.9913433311215036,
      "topology": {
        "eff_rank": 135.96641069682673,
        "spectral_gap": 16.886802673339844,
        "gini_sv": 0.9331426575826827
      },
      "weight_dist": {
        "zero": 0.2222476601600647,
        "one": 0.4165862401326497,
        "three": 0.3611660997072856
      },
      "per_layer_crystal": {
        "prism_blocks.0.attn.q_proj": {
          "w0": 0.22247028350830078,
          "w1": 0.4164295196533203,
          "w3": 0.3611001968383789,
          "n": 4194304
        },
        "prism_blocks.0.attn.k_proj": {
          "w0": 0.22221708297729492,
          "w1": 0.41675782203674316,
          "w3": 0.3610250949859619,
          "n": 4194304
        },
        "prism_blocks.0.attn.v_proj": {
          "w0": 0.22177338600158691,
          "w1": 0.4172189235687256,
          "w3": 0.3610076904296875,
          "n": 4194304
        },
        "prism_blocks.0.attn.o_proj": {
          "w0": 0.22234582901000977,
          "w1": 0.41648173332214355,
          "w3": 0.3611724376678467,
          "n": 4194304
        },
        "prism_blocks.0.mlp.up": {
          "w0": 0.22216981649398804,
          "w1": 0.4167214632034302,
          "w3": 0.3611087203025818,
          "n": 16777216
        },
        "prism_blocks.0.mlp.down": {
          "w0": 0.22237151861190796,
          "w1": 0.4163152575492859,
          "w3": 0.36131322383880615,
          "n": 16777216
        }
      },
      "elapsed": 249.85033345222473
    },
    {
      "step": 3000,
      "train_ppl": {
        "loss": 3.235187451839447,
        "ppl": 25.411134696366847
      },
      "test_ppl": {
        "loss": 3.21115535736084,
        "ppl": 24.807731468812616
      },
      "gen_gap": 0.9762543768798918,
      "topology": {
        "eff_rank": 43.289598547458205,
        "spectral_gap": 40.15806579589844,
        "gini_sv": 0.930143713023027
      },
      "weight_dist": {
        "zero": 0.22224624951680502,
        "one": 0.41659029324849445,
        "three": 0.3611634572347005
      },
      "per_layer_crystal": {
        "prism_blocks.0.attn.q_proj": {
          "w0": 0.2224717140197754,
          "w1": 0.4164433479309082,
          "w3": 0.3610849380493164,
          "n": 4194304
        },
        "prism_blocks.0.attn.k_proj": {
          "w0": 0.22220826148986816,
          "w1": 0.41675233840942383,
          "w3": 0.361039400100708,
          "n": 4194304
        },
        "prism_blocks.0.attn.v_proj": {
          "w0": 0.2217879295349121,
          "w1": 0.41718053817749023,
          "w3": 0.36103153228759766,
          "n": 4194304
        },
        "prism_blocks.0.attn.o_proj": {
          "w0": 0.22237372398376465,
          "w1": 0.41646575927734375,
          "w3": 0.3611605167388916,
          "n": 4194304
        },
        "prism_blocks.0.mlp.up": {
          "w0": 0.22216439247131348,
          "w1": 0.4167402386665344,
          "w3": 0.3610953688621521,
          "n": 16777216
        },
        "prism_blocks.0.mlp.down": {
          "w0": 0.22236394882202148,
          "w1": 0.41632014513015747,
          "w3": 0.36131590604782104,
          "n": 16777216
        }
      },
      "elapsed": 374.7472970485687
    }
  ],
  "steps": [
    {
      "step": 0,
      "loss": 11.395852088928223,
      "ppl": 88951.9921875,
      "elapsed": 0.4353206157684326
    },
    {
      "step": 200,
      "loss": 11.212510108947754,
      "ppl": 74051.0546875,
      "elapsed": 23.37270998954773
    },
    {
      "step": 400,
      "loss": 10.574758529663086,
      "ppl": 39134.453125,
      "elapsed": 46.36577010154724
    },
    {
      "step": 600,
      "loss": 9.305839538574219,
      "ppl": 11002.0791015625,
      "elapsed": 69.35036206245422
    },
    {
      "step": 800,
      "loss": 7.060741424560547,
      "ppl": 1165.308837890625,
      "elapsed": 92.37055110931396
    },
    {
      "step": 1000,
      "loss": 4.744098663330078,
      "ppl": 114.9041976928711,
      "elapsed": 115.43881916999817
    },
    {
      "step": 1200,
      "loss": 4.0538716316223145,
      "ppl": 57.62010955810547,
      "elapsed": 147.94764828681946
    },
    {
      "step": 1400,
      "loss": 4.249600887298584,
      "ppl": 70.07743835449219,
      "elapsed": 171.04826736450195
    },
    {
      "step": 1600,
      "loss": 3.8114712238311768,
      "ppl": 45.216915130615234,
      "elapsed": 194.14251518249512
    },
    {
      "step": 1800,
      "loss": 3.7125911712646484,
      "ppl": 40.95980453491211,
      "elapsed": 217.24571061134338
    },
    {
      "step": 2000,
      "loss": 3.6186459064483643,
      "ppl": 37.287044525146484,
      "elapsed": 240.33224058151245
    },
    {
      "step": 2200,
      "loss": 3.6314260959625244,
      "ppl": 37.76663589477539,
      "elapsed": 272.83774852752686
    },
    {
      "step": 2400,
      "loss": 3.405075788497925,
      "ppl": 30.116579055786133,
      "elapsed": 295.94145584106445
    },
    {
      "step": 2600,
      "loss": 3.336411237716675,
      "ppl": 28.1180362701416,
      "elapsed": 319.0492880344391
    },
    {
      "step": 2800,
      "loss": 3.174938201904297,
      "ppl": 23.92534065246582,