{
  "n_test": 200,
  "v8": {
    "title_at_1": 106,
    "answer_at_5": 68,
    "mean_delta": -0.0003253730655781361,
    "delta_pos_pct": 54.47761194029851,
    "avg_ms": 61.450732946395874
  },
  "v9": {
    "title_at_1": 123,
    "answer_at_5": 68,
    "mean_delta": 0.004691881989829334,
    "delta_pos_pct": 67.16417910447761,
    "avg_ms": 146.66855931282043
  }
}