{
  "run": "012_small_2026-03-29T20-13-30",
  "config": {
    "weight_set": "012",
    "size": "small",
    "max_steps": 1000,
    "lr": 0.0003,
    "batch_size": 8,
    "effective_batch": 32,
    "max_length": 256,
    "n_samples": 10000,
    "params": {
      "ternary": 18889728,
      "continuous": 26007040,
      "total": 44896768,
      "ternary_pct": 42.07369225330429
    }
  },
  "zero_topology": {
    "blocks.0.attn.q_proj": {
      "n_zeros": 80745,
      "sparsity": 0.3080177307128906,
      "h0_gini_trained": 0.2538012163128873,
      "h0_gini_random": 0.25650387530478724,
      "gini_ratio": 0.9894634769603831,
      "h0_mean_bar_trained": 0.029657814303648198,
      "h0_mean_bar_random": 0.029896624663001102,
      "h0_max_bar_trained": 0.06679421663284302,
      "h0_max_bar_random": 0.09202020615339279
    },
    "blocks.0.attn.k_proj": {
      "n_zeros": 81010,
      "sparsity": 0.30902862548828125,
      "h0_gini_trained": 0.2661926251484097,
      "h0_gini_random": 0.27633947887005395,
      "gini_ratio": 0.9632812012126009,
      "h0_mean_bar_trained": 0.029747207824491667,
      "h0_mean_bar_random": 0.029772735616324736,
      "h0_max_bar_trained": 0.07614447921514511,
      "h0_max_bar_random": 0.08614753931760788
    },
    "blocks.0.attn.v_proj": {
      "n_zeros": 80887,
      "sparsity": 0.3085594177246094,
      "h0_gini_trained": 0.26950464565574994,
      "h0_gini_random": 0.2652699160834535,
      "gini_ratio": 1.0159638515924443,
      "h0_mean_bar_trained": 0.02916982752422173,
      "h0_mean_bar_random": 0.02947655462385538,
      "h0_max_bar_trained": 0.07614526897668839,
      "h0_max_bar_random": 0.10167775303125381
    },
    "blocks.0.attn.o_proj": {
      "n_zeros": 80529,
      "sparsity": 0.3071937561035156,
      "h0_gini_trained": 0.27592510262278247,
      "h0_gini_random": 0.2716438067414131,
      "gini_ratio": 1.015760697557316,
      "h0_mean_bar_trained": 0.0289301452514359,
      "h0_mean_bar_random": 0.02931169821402032,
      "h0_max_bar_trained": 0.08866944164037704,
      "h0_max_bar_random": 0.06998792290687561
    },
    "blocks.0.mlp.up": {
      "n_zeros": 323760,
      "sparsity": 0.3087615966796875,
      "h0_gini_trained": 0.2606269874832392,
      "h0_gini_random": 0.26948703724586975,
      "gini_ratio": 0.9671225382371659,
      "h0_mean_bar_trained": 0.029817888905146795,
      "h0_mean_bar_random": 0.029576960945607373,
      "h0_max_bar_trained": 0.06635820865631104,
      "h0_max_bar_random": 0.06659626215696335
    },
    "blocks.0.mlp.down": {
      "n_zeros": 323405,
      "sparsity": 0.3084230422973633,
      "h0_gini_trained": 0.2766465197480481,
      "h0_gini_random": 0.2782882889365741,
      "gini_ratio": 0.994100473308454,
      "h0_mean_bar_trained": 0.029285053386320762,
      "h0_mean_bar_random": 0.029432281570995266,
      "h0_max_bar_trained": 0.06862827390432358,
      "h0_max_bar_random": 0.07732853293418884
    },
    "blocks.1.attn.q_proj": {
      "n_zeros": 81021,
      "sparsity": 0.3090705871582031,
      "h0_gini_trained": 0.27353384195689623,
      "h0_gini_random": 0.2675696234615179,
      "gini_ratio": 1.0222903422975296,
      "h0_mean_bar_trained": 0.02964969884878573,
      "h0_mean_bar_random": 0.029492316903818944,
      "h0_max_bar_trained": 0.07426049560308456,
      "h0_max_bar_random": 0.06942270696163177
    },
    "blocks.1.attn.k_proj": {
      "n_zeros": 80724,
      "sparsity": 0.3079376220703125,
      "h0_gini_trained": 0.2536560348295007,
      "h0_gini_random": 0.2693662159403698,
      "gini_ratio": 0.9416772401987231,
      "h0_mean_bar_trained": 0.03012267010284584,
      "h0_mean_bar_random": 0.02947205181451951,
      "h0_max_bar_trained": 0.07366536557674408,
      "h0_max_bar_random": 0.07699066400527954
    },
    "blocks.1.attn.v_proj": {
      "n_zeros": 80301,
      "sparsity": 0.3063240051269531,
      "h0_gini_trained": 0.2612575702170272,
      "h0_gini_random": 0.26437516455753096,
      "gini_ratio": 0.9882076883215507,
      "h0_mean_bar_trained": 0.029380599163259885,
      "h0_mean_bar_random": 0.029324532402453026,
      "h0_max_bar_trained": 0.07311756908893585,
      "h0_max_bar_random": 0.07114259153604507
    },
    "blocks.1.attn.o_proj": {
      "n_zeros": 80695,
      "sparsity": 0.3078269958496094,
      "h0_gini_trained": 0.27108009391858956,
      "h0_gini_random": 0.2573456546763413,
      "gini_ratio": 1.0533696178376193,
      "h0_mean_bar_trained": 0.02912887319724611,
      "h0_mean_bar_random": 0.029874036147376756,
      "h0_max_bar_trained": 0.0726446732878685,
      "h0_max_bar_random": 0.07422436773777008
    },
    "blocks.1.mlp.up": {
      "n_zeros": 321687,
      "sparsity": 0.30678462982177734,
      "h0_gini_trained": 0.2668085036931651,
      "h0_gini_random": 0.2751714305086643,
      "gini_ratio": 0.96960830272227,
      "h0_mean_bar_trained": 0.029192811445069904,
      "h0_mean_bar_random": 0.029561671730035724,
      "h0_max_bar_trained": 0.09136683493852615,
      "h0_max_bar_random": 0.07289386540651321
    },
    "blocks.1.mlp.down": {
      "n_zeros": 322605,
      "sparsity": 0.3076601028442383,
      "h0_gini_trained": 0.25160941992280583,
      "h0_gini_random": 0.27333652770510763,
      "gini_ratio": 0.9205115102444619,
      "h0_mean_bar_trained": 0.030720770468339063,
      "h0_mean_bar_random": 0.02936825287884814,
      "h0_max_bar_trained": 0.07797379046678543,
      "h0_max_bar_random": 0.08039402961730957
    },
    "blocks.2.attn.q_proj": {
      "n_zeros": 80961,
      "sparsity": 0.3088417053222656,
      "h0_gini_trained": 0.26648439242506394,
      "h0_gini_random": 0.25206823756948404,
      "gini_ratio": 1.0571914771753264,
      "h0_mean_bar_trained": 0.02969804275962888,
      "h0_mean_bar_random": 0.029932204356794067,
      "h0_max_bar_trained": 0.06759259849786758,
      "h0_max_bar_random": 0.08104659616947174
    },
    "blocks.2.attn.k_proj": {
      "n_zeros": 80725,
      "sparsity": 0.3079414367675781,
      "h0_gini_trained": 0.25533685890865443,
      "h0_gini_random": 0.28535578262720196,
      "gini_ratio": 0.8948017683672974,
      "h0_mean_bar_trained": 0.030314425561756255,
      "h0_mean_bar_random": 0.028580952839802703,
      "h0_max_bar_trained": 0.06301843374967575,
      "h0_max_bar_random": 0.0919661894440651
    },
    "blocks.2.attn.v_proj": {
      "n_zeros": 80767,
      "sparsity": 0.3081016540527344,
      "h0_gini_trained": 0.28034520906246363,
      "h0_gini_random": 0.2556603483402293,
      "gini_ratio": 1.0965533407213544,
      "h0_mean_bar_trained": 0.029721959238360546,
      "h0_mean_bar_random": 0.02982789566105825,
      "h0_max_bar_trained": 0.07559020817279816,
      "h0_max_bar_random": 0.09095507860183716
    },
    "blocks.2.attn.o_proj": {
      "n_zeros": 80710,
      "sparsity": 0.30788421630859375,
      "h0_gini_trained": 0.26737927408147866,
      "h0_gini_random": 0.2702547464646461,
      "gini_ratio": 0.9893601410492023,
      "h0_mean_bar_trained": 0.029706943226336147,
      "h0_mean_bar_random": 0.02956127660611004,
      "h0_max_bar_trained": 0.07025949656963348,
      "h0_max_bar_random": 0.07602070271968842
    },
    "blocks.2.mlp.up": {
      "n_zeros": 323481,
      "sparsity": 0.30849552154541016,
      "h0_gini_trained": 0.27425035320236746,
      "h0_gini_random": 0.28995548045771047,
      "gini_ratio": 0.9458360737636288,
      "h0_mean_bar_trained": 0.02913099151190542,
      "h0_mean_bar_random": 0.029183444413631774,
      "h0_max_bar_trained": 0.0676974281668663,
      "h0_max_bar_random": 0.07984426617622375
    },
    "blocks.2.mlp.down": {
      "n_zeros": 323080,
      "sparsity": 0.30811309814453125,
      "h0_gini_trained": 0.26962588328391357,
      "h0_gini_random": 0.2896120002633804,
      "gini_ratio": 0.930990024718275,
      "h0_mean_bar_trained": 0.02952511513835278,
      "h0_mean_bar_random": 0.02913731857756328,
      "h0_max_bar_trained": 0.0719100832939148,