{
  "experiment": "v5_stencil_extraction",
  "timestamp": "2026-04-03 13:54:24",
  "elapsed_seconds": 30.2,
  "n_samples": 5000,
  "n_waypoints": 3,
  "k_archetypes": 10,
  "signature_dim": 10,
  "skipped": 0,
  "cluster_inertia": 19726.056640625,
  "scaler_mean": [
    0.9024317798316479,
    0.7738077755153179,
    1.0435988320350646,
    0.8845563719391822,
    1.0435988320350646,
    0.9226912597283721,
    0.8390064359933138,
    14.578,
    20.746,
    24.64
  ],
  "scaler_scale": [
    0.14017261738613188,
    0.07189196612174052,
    0.12426968102972952,
    0.0483764083957742,
    0.12426968102972952,
    0.12045854245379833,
    0.14773958709042243,
    7.803967965080277,
    10.832519743808485,
    12.838629210316995
  ]
}