{
  "weight_set": "013",
  "config": {
    "max_steps": 50000,
    "size": "deep",
    "lr": 0.0003,
    "batch_size": 8,
    "effective_batch": 32,
    "n_samples": 200000,
    "max_length": 256,
    "init_mode": "void"
  },
  "params": {
    "ternary": 151117824,
    "continuous": 26093056,
    "total": 177210880,
    "ternary_pct": 85.27570316224377
  },
  "experiment": {
    "init_mode": "void",
    "init_weight_dist": {
      "zero": 0.8943252695931329,
      "one": 0.10567445887459649,
      "three": 2.7153227064344617e-07
    },
    "weight_decay_ternary": 0.0,
    "weight_decay_continuous": 0.01,
    "grad_clip_ternary": false,
    "grad_clip_continuous": 1.0,
    "hypothesis": "void init: model must self-organize from zero. Every connection earned by gradient pressure. Compare activation order and final ratio to mixed (15/70/15 frozen) and old run (binary collapse, w3=0)."
  },
  "checkpoints": [
    {
      "step": 1000,
      "train_ppl": {
        "loss": 8.793047566413879,
        "ppl": 6588.279832009407
      },
      "test_ppl": {
        "loss": 8.793677859306335,
        "ppl": 6592.4336868961245
      },
      "gen_gap": 1.0006304915687605,
      "eff_rank": 208.37219867572466,
      "spectral_gap": 1.9696159039934475,
      "gini_sv": 0.839135576352113,
      "weight_dist": {
        "zero": 0.8943244218826294,
        "one": 0.10567530658509997,
        "three": 2.7153227064344617e-07
      },
      "elapsed": 197.53909587860107
    },
    {
      "step": 2000,
      "train_ppl": {
        "loss": 7.932065439224243,
        "ppl": 2785.1734743155916
      },
      "test_ppl": {
        "loss": 7.840950284004212,
        "ppl": 2542.619897164123
      },
      "gen_gap": 0.9129125781972801,
      "eff_rank": 207.6306090792108,
      "spectral_gap": 1.9396922464172046,
      "gini_sv": 0.8433922819569276,
      "weight_dist": {
        "zero": 0.8943134016460843,
        "one": 0.1056863268216451,
        "three": 2.7153227064344617e-07
      },
      "elapsed": 393.20921540260315
    },
    {
      "step": 3000,
      "train_ppl": {
        "loss": 7.078205819129944,
        "ppl": 1185.8389990617413
      },
      "test_ppl": {
        "loss": 7.0347225999832155,
        "ppl": 1135.3799140962458
      },
      "gen_gap": 0.9574486207609804,
      "eff_rank": 205.51235503460714,
      "spectral_gap": 1.8027037506302197,
      "gini_sv": 0.843388692936769,
      "weight_dist": {
        "zero": 0.894302679432763,
        "one": 0.10569705565770467,
        "three": 2.6490953233506946e-07
      },
      "elapsed": 588.4804475307465
    },
    {
      "step": 4000,
      "train_ppl": {
        "loss": 6.6793859624862675,
        "ppl": 795.8302923004059
      },
      "test_ppl": {
        "loss": 6.576823334693909,
        "ppl": 718.2540486677977
      },
      "gen_gap": 0.9025216250460029,
      "eff_rank": 197.8012644864747,
      "spectral_gap": 1.8869344939788182,
      "gini_sv": 0.8457362866119813,
      "weight_dist": {
        "zero": 0.894270208146837,
        "one": 0.10572952694363064,
        "three": 2.6490953233506946e-07
      },
      "elapsed": 783.6406693458557
    },
    {
      "step": 5000,
      "train_ppl": {
        "loss": 6.461290559768677,
        "ppl": 639.8863354802246
      },
      "test_ppl": {
        "loss": 6.406290607452393,
        "ppl": 605.6429417897183
      },
      "gen_gap": 0.9464851930854139,
      "eff_rank": 193.00834800775797,
      "spectral_gap": 1.7789989759524663,
      "gini_sv": 0.8469821066927793,
      "weight_dist": {
        "zero": 0.8942452470461527,
        "one": 0.10575448804431492,
        "three": 2.6490953233506946e-07
      },
      "elapsed": 978.9726696014404
    },
    {
      "step": 6000,
      "train_ppl": {
        "loss": 6.345381422042847,
        "ppl": 569.8547034137775
      },
      "test_ppl": {
        "loss": 6.250490016937256,
        "ppl": 518.2667219280438
      },
      "gen_gap": 0.9094716930882728,
      "eff_rank": 187.9239454207402,
      "spectral_gap": 1.7452238500118256,
      "gini_sv": 0.8521454726863863,
      "weight_dist": {
        "zero": 0.894214305612776,
        "one": 0.10578542947769165,
        "three": 2.6490953233506946e-07
      },
      "elapsed": 1178.8859357833862
    },
    {
      "step": 7000,
      "train_ppl": {
        "loss": 6.018428430557251,
        "ppl": 410.9322793808663
      },
      "test_ppl": {
        "loss": 6.067659945487976,
        "ppl": 431.6693689181479
      },
      "gen_gap": 1.0504635205794133,
      "eff_rank": 186.72280323001428,
      "spectral_gap": 1.5432881166537602,
      "gini_sv": 0.8512286391947844,
      "weight_dist": {
        "zero": 0.8941639728016324,
        "one": 0.105835755666097,
        "three": 2.7153227064344617e-07
      },
      "elapsed": 1373.6558084487915
    },
    {
      "step": 8000,
      "train_ppl": {
        "loss": 5.8856530857086184,
        "ppl": 359.8376961309163
      },
      "test_ppl": {
        "loss": 5.864137406349182,
        "ppl": 352.1782383354388
      },
      "gen_gap": 0.9787141317381854,
      "eff_rank": 184.30328093176843,
      "spectral_gap": 1.6561878050367038,
      "gini_sv": 0.8549734753660522,
      "weight_dist": {
        "zero": 0.8941130042076111,
        "one": 0.10588672426011828,
        "three": 2.7153227064344617e-07
      },
      "elapsed": 1568.784734249115
    },
    {
      "step": 9000,
      "train_ppl": {
        "loss": 5.728966088294983,
        "ppl": 307.6510198948154
      },
      "test_ppl": {
        "loss": 5.686010723114014,
        "ppl": 294.7155704055613
      },
      "gen_gap": 0.9579541472227959,
      "eff_rank": 181.15346276063784,
      "spectral_gap": 1.7031447018186252,
      "gini_sv": 0.8578751850872107,
      "weight_dist": {
        "zero": 0.8940617971950107,
        "one": 0.10593793127271864,
        "three": 2.7153227064344617e-07
      },
      "elapsed": 1763.5467796325684
    },
    {
      "step": 10000,
      "train_ppl": {
        "loss": 5.467120318412781,
        "ppl": 236.777366649131
      },
      "test_ppl": {
        "loss": 5.489470610618591,
        "ppl": 242.12899240575285
      },
      "gen_gap": 1.0226019312249222,
      "eff_rank": 179.70674246925515,
      "spectral_gap": 1.6866957743962605,
      "gini_sv": 0.8594340315766577,
      "weight_dist": {
        "zero": 0.8940217097600301,
        "one": 0.10597800546222264,
        "three": 2.8477774726019965e-07
      },
      "elapsed": 1958.7359910011292
    },
    {
      "step": 11000,
      "train_ppl": {
        "loss": 5.321462693214417,
        "ppl": 204.68305165367292
      },
      "test_ppl": {
        "loss": 5.322793140411377,
        "ppl": 204.95555288006113
      },
      "gen_gap": 1.001331332634464,
      "eff_rank": 180.8568512817575,
      "spectral_gap": 1.594132314125697,
      "gini_sv": 0.8602681153444323,
      "weight_dist": {
        "zero": 0.8939686417579651,
        "one": 0.10603107346428765,
        "three": 2.8477774726019965e-07
      },
      "elapsed": 2158.586430311203
    },
    {
      "step": 12000,
      "train_ppl": {
        "loss": 5.10829731464386,
        "ppl": 165.3885104008601
      },
      "test_ppl": {
        "loss": 5.162989516258239,
        "ppl": 174.68590212481763
      },
      "gen_gap": 1.0562154632230678,
      "eff_rank": 177.8805812555049,
      "spectral_gap": 1.6843776404857635,
      "gini_sv": 0.8624902937886203,
      "weight_dist": {
        "zero": 0.8939267794291178,
        "one": 0.10607294241587321,
        "three": 2.7815500895182293e-07
      },
      "elapsed": 2353.36980509758
    },
    {
      "step": 13000,
      "train_ppl": {
        "loss": 5.068538279533386,
        "ppl": 158.94182893649656
      },
      "test_ppl": {
        "loss": 5.014606306552887,
        "ppl": 150.59683610601124
      },
      "gen_gap": 0.9474965596764369,
      "eff_rank": 178.82064555732006,
      "spectral_gap": 1.653950184583664,