{
  "experiment": "bsd_elliptic_curve_topology",
  "status": "POSITIVE_CORRELATION",
  "verdict": "Positive correlation detected: higher-rank curves show larger Betti-0 AUC.",
  "n_curves": 12,
  "n_points_per_curve": 500,
  "auc_monotone_rank_0_1_2": true,
  "auc_trend_by_rank": {
    "rank_0": 6.584791418251232,
    "rank_1": 7.29803451266447,
    "rank_2": 11.302847038783334
  },
  "correlations": {
    "max_lifetime": {
      "spearman_r": 0.6504436355879909,
      "spearman_p": 0.02200855695821112,
      "pearson_r": 0.743907997547083,
      "pearson_p": 0.005537177379191799
    },
    "n_long_bars": {
      "spearman_r": NaN,
      "spearman_p": NaN,
      "pearson_r": NaN,
      "pearson_p": NaN
    },
    "gini": {
      "spearman_r": 0.7687061147858074,
      "spearman_p": 0.0034824699756598873,
      "pearson_r": 0.7513956944724218,
      "pearson_p": 0.00483992406791772
    },
    "betti_auc": {
      "spearman_r": 0.7391404949863534,
      "spearman_p": 0.006018942242996873,
      "pearson_r": 0.7890911577319395,
      "pearson_p": 0.0022784234685252524
    },
    "mean_lifetime": {
      "spearman_r": 0.7095748751868991,
      "spearman_p": 0.009745214906379196,
      "pearson_r": 0.7809359538452953,
      "pearson_p": 0.00271389761063526
    }
  },
  "summaries_by_rank": {
    "max_lifetime": {
      "rank_0": {
        "mean": 0.1350114486533069,
        "std": 0.071278464826541,
        "min": 0.07112049848042784,
        "max": 0.25546799729437464,
        "n": 4
      },
      "rank_1": {
        "mean": 0.12291479928303194,
        "std": 0.06596049244060845,
        "min": 0.0554391267286228,
        "max": 0.20461663967203664,
        "n": 4
      },
      "rank_2": {
        "mean": 0.45768565572701586,
        "std": 0.11193014344695941,
        "min": 0.29585246964128314,
        "max": 0.6122553373397949,
        "n": 4
      }
    },
    "n_long_bars": {
      "rank_0": {
        "mean": 249.0,
        "std": 0.0,
        "min": 249.0,
        "max": 249.0,
        "n": 4
      },
      "rank_1": {
        "mean": 249.0,
        "std": 0.0,
        "min": 249.0,
        "max": 249.0,
        "n": 4
      },
      "rank_2": {
        "mean": 249.0,
        "std": 0.0,
        "min": 249.0,
        "max": 249.0,
        "n": 4
      }
    },
    "gini": {
      "rank_0": {
        "mean": 0.3732302616783192,
        "std": 0.021624172825188373,
        "min": 0.33700417902666563,
        "max": 0.39262361997756484,
        "n": 4
      },
      "rank_1": {
        "mean": 0.3686435493121367,
        "std": 0.029578311504792225,
        "min": 0.3389656462542731,
        "max": 0.4018446111631341,
        "n": 4
      },
      "rank_2": {
        "mean": 0.48041528406254996,
        "std": 0.028824791963789103,
        "min": 0.43547403598737355,
        "max": 0.5104773652266696,
        "n": 4
      }
    },
    "betti_auc": {
      "rank_0": {
        "mean": 6.584791418251232,
        "std": 0.7557836468910998,
        "min": 5.360385922466608,
        "max": 7.256733021649787,
        "n": 4
      },
      "rank_1": {
        "mean": 7.29803451266447,
        "std": 1.9323356451167795,
        "min": 5.285448766941522,
        "max": 9.817285263156965,
        "n": 4
      },
      "rank_2": {
        "mean": 11.302847038783334,
        "std": 0.796197806034735,
        "min": 9.950182530330952,
        "max": 11.909212392755334,
        "n": 4
      }
    }
  },
  "curves": [
    {
      "curve_name": "y\u00b2=x\u00b3-x",
      "rank": 0,
      "a": -1.0,
      "b": 0.0,
      "n_points": 500,
      "n_bars": 499,
      "max_lifetime": 0.25546799729437464,
      "median_lifetime": 0.009258867177955054,
      "mean_lifetime": 0.013833836845451065,
      "n_long_bars": 249,
      "gini": 0.3861364839038472,
      "betti_auc": 7.162314893491672,
      "sample_time_s": 0.006086644949391484,
      "ph_time_s": 0.011824904999230057
    },
    {
      "curve_name": "y\u00b2=x\u00b3+x+1",
      "rank": 0,
      "a": 1.0,
      "b": 1.0,
      "n_points": 500,
      "n_bars": 499,
      "max_lifetime": 0.09864127955718836,
      "median_lifetime": 0.009362161174635394,
      "mean_lifetime": 0.012940274443570305,
      "n_long_bars": 249,
      "gini": 0.3771567638051992,
      "betti_auc": 6.559731835396859,
      "sample_time_s": 0.005821540020406246,
      "ph_time_s": 0.00827580300392583
    },
    {
      "curve_name": "y\u00b2=x\u00b3+1",
      "rank": 0,
      "a": 0.0,
      "b": 1.0,
      "n_points": 500,
      "n_bars": 499,
      "max_lifetime": 0.11481601928123662,
      "median_lifetime": 0.010411593569705644,
      "mean_lifetime": 0.014322295510464511,
      "n_long_bars": 249,
      "gini": 0.39262361997756484,
      "betti_auc": 7.256733021649787,
      "sample_time_s": 0.005829654983244836,
      "ph_time_s": 0.00852332403883338
    },
    {
      "curve_name": "y\u00b2=x\u00b3-2",
      "rank": 0,
      "a": 0.0,
      "b": -2.0,
      "n_points": 500,
      "n_bars": 499,
      "max_lifetime": 0.07112049848042784,
      "median_lifetime": 0.00890637476363134,
      "mean_lifetime": 0.010594354737043907,
      "n_long_bars": 249,
      "gini": 0.33700417902666563,
      "betti_auc": 5.360385922466608,
      "sample_time_s": 0.005903207988012582,
      "ph_time_s": 0.007663988042622805
    },
    {
      "curve_name": "y\u00b2=x\u00b3-x+1",
      "rank": 1,
      "a": -1.0,
      "b": 1.0,
      "n_points": 500,
      "n_bars": 499,
      "max_lifetime": 0.20461663967203664,
      "median_lifetime": 0.011759490228031539,
      "mean_lifetime": 0.016658394776501415,
      "n_long_bars": 249,
      "gini": 0.4018446111631341,
      "betti_auc": 8.529660551836038,
      "sample_time_s": 0.005826021020766348,
      "ph_time_s": 0.009752357029356062
    },
    {
      "curve_name": "y\u00b2=x\u00b3+x-1",
      "rank": 1,
      "a": 1.0,
      "b": -1.0,
      "n_points": 500,
      "n_bars": 499,
      "max_lifetime": 0.0554391267286228,
      "median_lifetime": 0.008672214895641708,
      "mean_lifetime": 0.011027756050492611,
      "n_long_bars": 249,
      "gini": 0.3389656462542731,
      "betti_auc": 5.559743468723356,
      "sample_time_s": 0.005905492987949401,
      "ph_time_s": 0.006912345008458942
    },
    {
      "curve_name": "y\u00b2=x\u00b3-2x+1",
      "rank": 1,
      "a": -2.0,
      "b": 1.0,
      "n_points": 500,
      "n_bars": 499,
      "max_lifetime": 0.17090977837279772,
      "median_lifetime": 0.012946333859527313,
      "mean_lifetime": 0.019330775342346392,
      "n_long_bars": 249,
      "gini": 0.3943611555295175,
      "betti_auc": 9.817285263156965,
      "sample_time_s": 0.005868046951945871,
      "ph_time_s": 0.008684578991960734
    },
    {
      "curve_name": "y\u00b2=x\u00b3+3x-5",
      "rank": 1,
      "a": 3.0,
      "b": -5.0,
      "n_points": 500,
      "n_bars": 499,
      "max_lifetime": 0.0606936523586706,
      "median_lifetime": 0.00880462049045624,
      "mean_lifetime": 0.010466253984635234,
      "n_long_bars": 249,
      "gini": 0.3394027843016222,
      "betti_auc": 5.285448766941522,
      "sample_time_s": 0.005829774017911404,
      "ph_time_s": 0.007121505972463638
    },
    {
      "curve_name": "y\u00b2=x\u00b3-7x+6",
      "rank": 2,
      "a": -7.0,
      "b": 6.0,
      "n_points": 500,
      "n_bars": 499,
      "max_lifetime": 0.4596922607273828,
      "median_lifetime": 0.013748437485835272,
      "mean_lifetime": 0.022170804006335785,
      "n_long_bars": 249,
      "gini": 0.47582708258969936,
      "betti_auc": 11.502990320726601,
      "sample_time_s": 0.005740508029703051,
      "ph_time_s": 0.012946075003128499
    },
    {
      "curve_name": "y\u00b2=x\u00b3-5x+4",
      "rank": 2,
      "a": -5.0,
      "b": 4.0,
      "n_points": 500,
      "n_bars": 499,
      "max_lifetime": 0.29585246964128314,
      "median_lifetime": 0.014637344593800177,
      "mean_lifetime": 0.023109717594787763,
      "n_long_bars": 249,