{
  "experiment": "v5_nq_stencil",
  "timestamp": "2026-04-03 15:02:13",
  "elapsed_seconds": 74.8,
  "n_samples": 10000,
  "n_waypoints": 3,
  "k_archetypes": 10,
  "signature_dim": 10,
  "skipped": 0,
  "cluster_inertia": 38650.43359375,
  "scaler_mean": [
    0.7931224738150835,
    0.7359704127967358,
    1.037226082754135,
    0.9861867151021957,
    1.037226082754135,
    0.9769899147450924,
    0.9475807495176792,
    26.209,
    46.752,
    64.919
  ],
  "scaler_scale": [
    0.13261846745130218,
    0.05183173996462129,
    0.08577582037453223,
    0.004364558945474907,
    0.08577582037453223,
    0.06516713212745544,
    0.058306598136629945,
    21.378454551253103,
    29.0336097652342,
    33.36005753891929
  ]
}