{
  "source": "zeta_zero_spacings",
  "n_zeros": 100000,
  "n_gaps": 99999,
  "crystal": {
    "void": 0.22231721878051758,
    "identity": 0.4165991544723511,
    "prime": 0.36108362674713135
  },
  "language_crystal": {
    "void": 0.222,
    "identity": 0.417,
    "prime": 0.361
  },
  "gap_stats": {
    "mean": 0.7490744184827048,
    "std": 0.32154023373868434,
    "min": 0.014701476000482216,
    "max": 6.887314496999998
  }
}