{
  "run": "013_small_2026-03-29T20-11-35",
  "config": {
    "weight_set": "013",
    "size": "small",
    "max_steps": 1000,
    "lr": 0.0003,
    "batch_size": 8,
    "effective_batch": 32,
    "max_length": 256,
    "n_samples": 10000,
    "params": {
      "ternary": 18889728,
      "continuous": 26007040,
      "total": 44896768,
      "ternary_pct": 42.07369225330429
    }
  },
  "zero_topology": {
    "blocks.0.attn.q_proj": {
      "n_zeros": 58181,
      "sparsity": 0.22194290161132812,
      "h0_gini_trained": 0.26687402351007017,
      "h0_gini_random": 0.2698936625793338,
      "gini_ratio": 0.9888117451873254,
      "h0_mean_bar_trained": 0.029164083350546852,
      "h0_mean_bar_random": 0.029287538558379084,
      "h0_max_bar_trained": 0.07530976831912994,
      "h0_max_bar_random": 0.0710512101650238
    },
    "blocks.0.attn.k_proj": {
      "n_zeros": 58355,
      "sparsity": 0.22260665893554688,
      "h0_gini_trained": 0.26287409846773757,
      "h0_gini_random": 0.2612707504697944,
      "gini_ratio": 1.0061367297910697,
      "h0_mean_bar_trained": 0.02982353704621295,
      "h0_mean_bar_random": 0.02971103296518132,
      "h0_max_bar_trained": 0.0747748464345932,
      "h0_max_bar_random": 0.07997683435678482
    },
    "blocks.0.attn.v_proj": {
      "n_zeros": 58208,
      "sparsity": 0.2220458984375,
      "h0_gini_trained": 0.2674196015189847,
      "h0_gini_random": 0.26705682881494486,
      "gini_ratio": 1.0013584101393311,
      "h0_mean_bar_trained": 0.029560033057467315,
      "h0_mean_bar_random": 0.029572948396069658,
      "h0_max_bar_trained": 0.07915372401475906,
      "h0_max_bar_random": 0.07256235927343369
    },
    "blocks.0.attn.o_proj": {
      "n_zeros": 58424,
      "sparsity": 0.222869873046875,
      "h0_gini_trained": 0.27970308644973474,
      "h0_gini_random": 0.2642587396292979,
      "gini_ratio": 1.0584440342147328,
      "h0_mean_bar_trained": 0.02965149299693266,
      "h0_mean_bar_random": 0.02966860166579025,
      "h0_max_bar_trained": 0.06756390631198883,
      "h0_max_bar_random": 0.08269565552473068
    },
    "blocks.0.mlp.up": {
      "n_zeros": 233695,
      "sparsity": 0.2228689193725586,
      "h0_gini_trained": 0.2700967550668598,
      "h0_gini_random": 0.27586355737079393,
      "gini_ratio": 0.979095454438069,
      "h0_mean_bar_trained": 0.030129379078882086,
      "h0_mean_bar_random": 0.029187329511021924,
      "h0_max_bar_trained": 0.07375447452068329,
      "h0_max_bar_random": 0.07951058447360992
    },
    "blocks.0.mlp.down": {
      "n_zeros": 233008,
      "sparsity": 0.2222137451171875,
      "h0_gini_trained": 0.27313471960339486,
      "h0_gini_random": 0.2627764288804808,
      "gini_ratio": 1.0394186448420963,
      "h0_mean_bar_trained": 0.029829973448954432,
      "h0_mean_bar_random": 0.03017521363343364,
      "h0_max_bar_trained": 0.0802348405122757,
      "h0_max_bar_random": 0.07466991990804672
    },
    "blocks.1.attn.q_proj": {
      "n_zeros": 58135,
      "sparsity": 0.22176742553710938,
      "h0_gini_trained": 0.25949093949603674,
      "h0_gini_random": 0.28340577254616606,
      "gini_ratio": 0.9156162810825117,
      "h0_mean_bar_trained": 0.030008181499854805,
      "h0_mean_bar_random": 0.02939743428016996,
      "h0_max_bar_trained": 0.06835240125656128,
      "h0_max_bar_random": 0.07179810106754303
    },
    "blocks.1.attn.k_proj": {
      "n_zeros": 58624,
      "sparsity": 0.2236328125,
      "h0_gini_trained": 0.27095945455392134,
      "h0_gini_random": 0.27650007790827846,
      "gini_ratio": 0.9799615848347244,
      "h0_mean_bar_trained": 0.029947725071465384,
      "h0_mean_bar_random": 0.02933338520565968,
      "h0_max_bar_trained": 0.08405744284391403,
      "h0_max_bar_random": 0.08381885290145874
    },
    "blocks.1.attn.v_proj": {
      "n_zeros": 58173,
      "sparsity": 0.22191238403320312,
      "h0_gini_trained": 0.2648640646382556,
      "h0_gini_random": 0.28228976657028504,
      "gini_ratio": 0.9382701606801225,
      "h0_mean_bar_trained": 0.030243204481515264,
      "h0_mean_bar_random": 0.029050152878303134,
      "h0_max_bar_trained": 0.07408048957586288,
      "h0_max_bar_random": 0.07754472643136978
    },
    "blocks.1.attn.o_proj": {
      "n_zeros": 58386,
      "sparsity": 0.22272491455078125,
      "h0_gini_trained": 0.27127491471424503,
      "h0_gini_random": 0.2727369618128219,
      "gini_ratio": 0.9946393510844332,
      "h0_mean_bar_trained": 0.029072894808091596,
      "h0_mean_bar_random": 0.02965807958897054,
      "h0_max_bar_trained": 0.0866592600941658,
      "h0_max_bar_random": 0.10601326823234558
    },
    "blocks.1.mlp.up": {
      "n_zeros": 233706,
      "sparsity": 0.22287940979003906,
      "h0_gini_trained": 0.27086049039771276,
      "h0_gini_random": 0.2566677254646186,
      "gini_ratio": 1.0552962586449173,
      "h0_mean_bar_trained": 0.029683492260748047,
      "h0_mean_bar_random": 0.029845852471089257,
      "h0_max_bar_trained": 0.07273178547620773,
      "h0_max_bar_random": 0.08819392323493958
    },
    "blocks.1.mlp.down": {
      "n_zeros": 232837,
      "sparsity": 0.22205066680908203,
      "h0_gini_trained": 0.27421410926568823,
      "h0_gini_random": 0.2718427605763678,
      "gini_ratio": 1.0087232364926424,
      "h0_mean_bar_trained": 0.02962216403954037,
      "h0_mean_bar_random": 0.029668013872028158,
      "h0_max_bar_trained": 0.0752844363451004,
      "h0_max_bar_random": 0.08279931545257568
    },
    "blocks.2.attn.q_proj": {
      "n_zeros": 58217,
      "sparsity": 0.22208023071289062,
      "h0_gini_trained": 0.26210236000962306,
      "h0_gini_random": 0.2742695381323401,
      "gini_ratio": 0.9556378801467694,
      "h0_mean_bar_trained": 0.029856667196226934,
      "h0_mean_bar_random": 0.028993457107315258,
      "h0_max_bar_trained": 0.06578400731086731,
      "h0_max_bar_random": 0.07545209676027298
    },
    "blocks.2.attn.k_proj": {
      "n_zeros": 58580,
      "sparsity": 0.2234649658203125,
      "h0_gini_trained": 0.26519200512523744,
      "h0_gini_random": 0.261557454926864,
      "gini_ratio": 1.0138958004442646,
      "h0_mean_bar_trained": 0.029789075245128905,
      "h0_mean_bar_random": 0.029660147622709195,
      "h0_max_bar_trained": 0.07006851583719254,
      "h0_max_bar_random": 0.06837267428636551
    },
    "blocks.2.attn.v_proj": {
      "n_zeros": 57974,
      "sparsity": 0.22115325927734375,
      "h0_gini_trained": 0.26842658794832297,
      "h0_gini_random": 0.25336670221964597,
      "gini_ratio": 1.0594390880756757,
      "h0_mean_bar_trained": 0.029471479579787664,
      "h0_mean_bar_random": 0.029813465175875846,
      "h0_max_bar_trained": 0.07477641105651855,
      "h0_max_bar_random": 0.06450489163398743
    },
    "blocks.2.attn.o_proj": {
      "n_zeros": 58439,
      "sparsity": 0.22292709350585938,
      "h0_gini_trained": 0.26616134559325366,
      "h0_gini_random": 0.26212568223141064,
      "gini_ratio": 1.0153959098074192,
      "h0_mean_bar_trained": 0.02915725067028317,
      "h0_mean_bar_random": 0.030431521335805213,
      "h0_max_bar_trained": 0.06985067576169968,
      "h0_max_bar_random": 0.09377171099185944
    },
    "blocks.2.mlp.up": {
      "n_zeros": 233386,
      "sparsity": 0.22257423400878906,
      "h0_gini_trained": 0.2607734481141297,
      "h0_gini_random": 0.26065843882879425,
      "gini_ratio": 1.0004412260192006,
      "h0_mean_bar_trained": 0.02962991823712905,
      "h0_mean_bar_random": 0.029797685654079895,
      "h0_max_bar_trained": 0.0809222161769867,
      "h0_max_bar_random": 0.10560458153486252
    },
    "blocks.2.mlp.down": {
      "n_zeros": 232534,
      "sparsity": 0.22176170349121094,
      "h0_gini_trained": 0.2716764852063016,
      "h0_gini_random": 0.27109028427511306,
      "gini_ratio": 1.0021623826643438,
      "h0_mean_bar_trained": 0.030054755195814794,
      "h0_mean_bar_random": 0.029631115135714366,
      "h0_max_bar_trained": 0.07646903395652771,