{
  "Giza Pyramid": {
    "gini": 0.587047755802302,
    "sigma2": 0.13888888888888892,
    "phi_proximity": 0.22263670484910172,
    "pi_proximity": 0.11459950433062381,
    "ratios": [
      1.2728693613511048,
      1.6187209655711368,
      1.2717102121563544,
      3.142506310116652,
      0.785626577529163,
      1.2355433966312628
    ]
  },
  "Parthenon": {
    "gini": 0.2401627056616782,
    "sigma2": 0.15999999999999998,
    "phi_proximity": 0.25958907817771537,
    "pi_proximity": 0.20846892734631375,
    "ratios": [
      2.250728862973761,
      2.9606903163950142,
      0.760204081632653,
      1.2786749482401656,
      1.444300518134715
    ]
  },
  "Stonehenge": {
    "gini": 0.2954545454545454,
    "sigma2": 1.36,
    "phi_proximity": 0.5231219492651304,
    "pi_proximity": 0.4428773616203811,
    "ratios": [
      2.624242424242424,
      1.434782608695652,
      3.7652173913043474,
      2.2,
      5.7733333333333325
    ]
  },
  "Modern office": {
    "gini": 0.3973684210526316,
    "sigma2": 0.56,
    "phi_proximity": 9.544478951333502,
    "pi_proximity": 6.142920657139636,
    "ratios": [
      1.6666666666666667,
      10.0,
      33.333333333333336,
      2.0,
      16.666666666666668
    ]
  },
  "Random": {
    "gini": 0.3222317261620622,
    "sigma2": 0.22222222222222224,
    "phi_proximity": 2.852504298502616,
    "pi_proximity": 0.9048647318957946,
    "ratios": [
      7.852582461281652,
      4.669345177644497,
      8.656680239158133,
      7.124996276063957,
      1.3946848049326706,
      9.768412340549181
    ]
  },
  "Prime-derived": {
    "gini": 0.35032139577594124,
    "sigma2": 0.0,
    "phi_proximity": 0.10746187470700409,
    "pi_proximity": 0.22819346333560536,
    "ratios": [
      0.6666666666666666,
      0.6,
      0.7142857142857143,
      0.6363636363636364,
      0.4,
      0.42857142857142855,
      0.45454545454545453
    ]
  },
  "Golden (\u03c6)": {
    "gini": 0.3861197378333754,
    "sigma2": 0.2857142857142857,
    "phi_proximity": 0.0,
    "pi_proximity": 0.5064493054303341,
    "ratios": [
      1.618033988749895,
      2.618033988749895,
      0.6180339887498948,
      4.23606797749979,
      3.23606797749979,
      2.618033988749895,
      4.23606797749979
    ]
  },
  "Pi (\u03c0)": {
    "gini": 0.4845172486265117,
    "sigma2": 1.7142857142857142,
    "phi_proximity": 1.224759191197748,
    "pi_proximity": 0.0,
    "ratios": [
      3.141592653589793,
      1.5707963267948966,
      1.0471975511965976,
      0.7853981633974483,
      6.283185307179586,
      9.869604401089358,
      1.7724538509055159
    ]
  }
}