{
  "weight_set": "013",
  "config": {
    "max_steps": 20000,
    "size": "small",
    "lr": 0.0003,
    "batch_size": 8,
    "effective_batch": 32,
    "n_samples": 200000,
    "max_length": 256,
    "dataset": "wikitext",
    "init_mode": "identity",
    "mutate": false,
    "promote_frac": 0.005,
    "demote_frac": 0.002,
    "mutate_cycle": 500,
    "mutate_warmup": 2000,
    "ternary_decay": 0.0,
    "bitflip": true,
    "flip_pct": 0.001,
    "flip_cycle": 100,
    "flip_warmup": 500,
    "flip_cooldown": 5000,
    "flip_gravity": 0.0
  },
  "params": {
    "ternary": 18889728,
    "continuous": 26007040,
    "total": 44896768,
    "ternary_pct": 42.07369225330429
  },
  "experiment": {
    "init_mode": "identity",
    "init_weight_dist": {
      "zero": 0.14999898274739584,
      "one": 0.7000020345052084,
      "three": 0.14999898274739584
    },
    "weight_decay_ternary": 0.0,
    "weight_decay_continuous": 0.01,
    "grad_clip_ternary": false,
    "grad_clip_continuous": 1.0,
    "mutator_enabled": false,
    "mutator_config": null,
    "hypothesis": "init_mode=identity: track weight ratio evolution and compression dynamics."
  },
  "checkpoints": [
    {
      "step": 1000,
      "train_ppl": {
        "loss": 10.838197565078735,
        "ppl": 50929.498097513395
      },
      "test_ppl": {
        "loss": 10.83946647644043,
        "ppl": 50994.16413535306
      },
      "gen_gap": 1.0012697167703448,
      "eff_rank": 176.81511672712327,
      "spectral_gap": 6.6055006980896,
      "gini_sv": 0.8737003626473553,
      "weight_dist": {
        "zero": 0.14999898274739584,
        "one": 0.7000020345052084,
        "three": 0.14999898274739584
      },
      "elapsed": 99.03106737136841
    },
    {
      "step": 2000,
      "train_ppl": {
        "loss": 8.189025907516479,
        "ppl": 3601.2126232442283
      },
      "test_ppl": {
        "loss": 8.176470909118652,
        "ppl": 3556.2820463809044
      },
      "gen_gap": 0.9875234867907223,
      "eff_rank": 174.4806944205985,
      "spectral_gap": 7.216654141743978,
      "gini_sv": 0.8780832375840696,
      "weight_dist": {
        "zero": 0.1503054830763075,
        "one": 0.6993587281968858,
        "three": 0.15033578872680664
      },
      "elapsed": 198.77716541290283
    },
    {
      "step": 3000,
      "train_ppl": {
        "loss": 6.411373844146729,
        "ppl": 608.7294061836184
      },
      "test_ppl": {
        "loss": 6.538774757385254,
        "ppl": 691.4388784443457
      },
      "gen_gap": 1.135872312755955,
      "eff_rank": 167.13180396229595,
      "spectral_gap": 6.3821949164072675,
      "gini_sv": 0.8884147159878636,
      "weight_dist": {
        "zero": 0.1508287853664822,
        "one": 0.6983892652723525,
        "three": 0.15078194936116537
      },
      "elapsed": 299.61028480529785
    },
    {
      "step": 4000,
      "train_ppl": {
        "loss": 7.290852384567261,
        "ppl": 1466.8204596119367
      },
      "test_ppl": {
        "loss": 7.378755311965943,
        "ppl": 1601.5950405011054
      },
      "gen_gap": 1.0918821250453683,
      "eff_rank": 125.68004126374505,
      "spectral_gap": 12.20963446299235,
      "gini_sv": 0.8840827997011532,
      "weight_dist": {
        "zero": 0.15112045076158312,
        "one": 0.6976770824856229,
        "three": 0.15120246675279406
      },
      "elapsed": 401.4669244289398
    },
    {
      "step": 5000,
      "train_ppl": {
        "loss": 5.823648791313172,
        "ppl": 338.2038402316302
      },
      "test_ppl": {
        "loss": 5.928145909309388,
        "ppl": 375.457735387239
      },
      "gen_gap": 1.110152194398781,
      "eff_rank": 137.24724666528047,
      "spectral_gap": 11.062885920206705,
      "gini_sv": 0.8887448605540484,
      "weight_dist": {
        "zero": 0.15138345294528538,
        "one": 0.6971726947360568,
        "three": 0.15144385231865776
      },
      "elapsed": 502.31016063690186
    },
    {
      "step": 6000,
      "train_ppl": {
        "loss": 6.419111351966858,
        "ppl": 613.4577238317381
      },
      "test_ppl": {
        "loss": 6.473468699455261,
        "ppl": 647.7266037009874
      },
      "gen_gap": 1.0558618443259649,
      "eff_rank": 121.08208865629804,
      "spectral_gap": 15.18832270304362,
      "gini_sv": 0.884479690806526,
      "weight_dist": {
        "zero": 0.15165064069959852,
        "one": 0.6966759363810221,
        "three": 0.15167342291937935
      },
      "elapsed": 604.8961217403412
    },
    {
      "step": 7000,
      "train_ppl": {
        "loss": 5.351265196800232,
        "ppl": 210.8749274451157
      },
      "test_ppl": {
        "loss": 5.433940403461456,
        "ppl": 229.05001904063064
      },
      "gen_gap": 1.086188964310351,
      "eff_rank": 76.69893453422172,
      "spectral_gap": 31.309813896814983,
      "gini_sv": 0.8874645565871185,
      "weight_dist": {
        "zero": 0.15181732177734375,
        "one": 0.6962838702731662,
        "three": 0.15189880794949
      },
      "elapsed": 705.7126088142395
    }
  ],
  "steps": [
    {
      "step": 0,
      "loss": 11.007522583007812,
      "ppl": 60326.25,
      "elapsed": 0.24595999717712402
    },
    {
      "step": 200,
      "loss": 10.923601150512695,
      "ppl": 55470.1953125,
      "elapsed": 18.40414571762085
    },
    {
      "step": 400,
      "loss": 10.902721405029297,
      "ppl": 54324.0,
      "elapsed": 36.51144075393677
    },
    {
      "step": 600,
      "loss": 10.906538963317871,
      "ppl": 54531.78125,
      "elapsed": 54.619126319885254
    },
    {
      "step": 800,
      "loss": 10.891610145568848,
      "ppl": 53723.734375,
      "elapsed": 72.72983002662659
    },
    {
      "step": 1000,
      "loss": 10.842214584350586,
      "ppl": 51134.49609375,
      "elapsed": 90.8449068069458
    },
    {
      "step": 1200,
      "loss": 10.762908935546875,
      "ppl": 47235.875,
      "elapsed": 117.04635500907898
    },
    {
      "step": 1400,
      "loss": 10.729454040527344,
      "ppl": 45681.7421875,
      "elapsed": 135.10916328430176
    },
    {
      "step": 1600,
      "loss": 10.73473072052002,
      "ppl": 45923.4296875,
      "elapsed": 153.18058323860168
    },
    {
      "step": 1800,
      "loss": 10.57556438446045,
      "ppl": 39166.0,
      "elapsed": 171.2859046459198
    },
    {
      "step": 2000,
      "loss": 7.687461853027344,
      "ppl": 2180.832275390625,
      "elapsed": 190.627108335495
    },
    {
      "step": 2200,
      "loss": 8.176149368286133,
      "ppl": 3555.138916015625,
      "elapsed": 216.81567239761353
    },
    {
      "step": 2400,
      "loss": 6.367958068847656,
      "ppl": 582.866455078125,
      "elapsed": 236.04153728485107
    },
    {
      "step": 2600,
      "loss": 6.435347080230713,
      "ppl": 623.4989013671875,
      "elapsed": 254.14624214172363
    },
    {
      "step": 2800,
      "loss": 6.5677490234375,
      "ppl": 711.765869140625,
      "elapsed": 273.34791254997253
    },
    {
      "step": 3000,
      "loss": 6.143792152404785,
      "ppl": 465.81671142578125,
      "elapsed": 291.44899725914
    },
    {
      "step": 3200,
      "loss": 5.972690582275391,
      "ppl": 392.56048583984375,
      "elapsed": 318.75296783447266
    },
    {
      "step": 3400,
      "loss": 5.207719802856445,
      "ppl": 182.6770477294922,
      "elapsed": 336.84932494163513
    },
    {
      "step": 3600,
      "loss": 8.85857105255127,
      "ppl": 7034.423828125,
      "elapsed": 356.0508770942688
    },
    {
      "step": 3800,
      "loss": 7.304312229156494,
      "ppl": 1486.697021484375,
      "elapsed": 374.15534353256226
    },
    {
      "step": 4000,
      "loss": 7.646151065826416,
      "ppl": 2092.575927734375,
      "elapsed": 393.32509183883667
    },
    {
      "step": 4200,
      "loss": 6.348135948181152,
      "ppl": 571.426513671875,
      "elapsed": 419.5011856555939
    },
    {
      "step": 4400,